DATE,REP,WMGT,NRTE,SMPL,HILL,NTIL,NTShB,NSHShB,TIL,GL,DL,ShBL1,ShBL2,ShBL3,ShBL4,ShBL5,ShBL6
29-Mar-16,1,AWD,N1, A,1,24,18,3,1,3,2,2,1,0,,,
,1,AWD,N1, A,1,,,1,2,4,1,1,1,0,0,,
,1,AWD,N1, A,1,,,1,3,4,1,0,1,0,0,,
,1,AWD,N1, A,1,,,1,4,4,1,1,0,0,0,,
,1,AWD,N1, A,2,28,14,1,1,4,2,0,0,0,0,,
,1,AWD,N1, A,2,,,1,2,3,2,2,0,0,,,
,1,AWD,N1, A,2,,,3,3,5,1,0,0,0,0,0,
,1,AWD,N1, A,2,,,3,4,3,2,0,0,0,,,
,1,AWD,N1, A,3,22,11,3,1,4,1,0,0,0,0,,
,1,AWD,N1, A,3,,,1,2,4,1,0,0,0,0,,
,1,AWD,N1, A,3,,,3,3,3,2,2,0,0,,,
,1,AWD,N1, A,3,,,3,4,3,2,0,0,0,,,
,1,AWD,N1, A,4,17,10,3,1,6,,0,0,1,0,0,0
,1,AWD,N1, A,4,,,1,2,5,,1,1,0,0,0,
,1,AWD,N1, A,4,,,2,3,5,,0,0,0,0,0,
,1,AWD,N1, A,4,,,1,4,4,1,0,1,0,0,,
,1,AWD,N1, A,5,14,9,3,1,5,1,0,1,0,0,0,
,1,AWD,N1, A,5,,,1,2,4,1,0,0,0,0,,
,1,AWD,N1, A,5,,,1,3,4,1,0,2,0,0,,
,1,AWD,N1, A,5,,,1,4,4,,1,0,0,0,,
,1,AWD,N1, A,6,18,9,3,1,4,1,0,0,0,0,,
,1,AWD,N1, A,6,,,3,2,4,1,0,0,0,0,,
,1,AWD,N1, A,6,,,3,3,4,1,1,0,0,0,,
,1,AWD,N1, A,6,,,1,4,4,1,0,0,0,0,,
,1,AWD,N1, A,7,25,8,1,1,3,1,1,0,0,,,
,1,AWD,N1, A,7,,,1,2,4,1,1,1,0,0,,
,1,AWD,N1, A,7,,,1,3,4,1,3,0,0,0,,
,1,AWD,N1, A,7,,,1,4,5,,3,3,0,0,0,
,1,AWD,N1, A,8,25,20,3,1,4,1,0,0,0,0,,
,1,AWD,N1, A,8,,,1,2,5,1,2,0,0,0,0,
,1,AWD,N1, A,8,,,1,3,4,1,0,0,0,0,,
,1,AWD,N1, A,8,,,3,4,4,1,0,1,0,0,,
,1,AWD,N1, A,9,23,13,1,1,5,1,0,0,0,0,0,
,1,AWD,N1, A,9,,,1,2,5,,0,0,0,0,0,
,1,AWD,N1, A,9,,,3,3,3,3,1,1,1,,,
,1,AWD,N1, A,9,,,1,4,4,1,0,0,1,0,,
29-Mar-16,1,AWD,N1, B,1,22,10,3,1,5,1,0,1,3,0,0,
,1,AWD,N1, B,1,,,1,2,5,,1,0,0,0,0,
,1,AWD,N1, B,1,,,1,3,5,,0,0,0,0,0,
,1,AWD,N1, B,1,,,1,4,5,,0,1,0,0,0,
,1,AWD,N1, B,2,21,16,3,1,4,2,0,1,0,0,,
,1,AWD,N1, B,2,,,1,2,3,2,2,,0,,,
,1,AWD,N1, B,2,,,3,3,5,1,0,0,0,0,0,
,1,AWD,N1, B,2,,,3,4,5,1,5,0,0,0,0,
,1,AWD,N1, B,3,26,13,1,1,5,1,0,0,0,0,0,
,1,AWD,N1, B,3,,,1,2,5,1,0,0,0,0,0,
,1,AWD,N1, B,3,,,1,3,5,,2,0,0,0,0,
,1,AWD,N1, B,3,,,1,4,5,1,0,0,0,0,0,
,1,AWD,N1, B,4,23,11,1,1,4,2,0,0,0,0,,
,1,AWD,N1, B,4,,,3,2,5,1,0,0,0,0,0,
,1,AWD,N1, B,4,,,1,3,5,1,1,0,0,0,0,
,1,AWD,N1, B,4,,,3,4,5,1,0,0,0,0,0,
,1,AWD,N1, B,5,15,11,1,1,4,1,1,0,0,0,,
,1,AWD,N1, B,5,,,3,2,4,2,2,0,0,0,,
,1,AWD,N1, B,5,,,1,3,3,1,0,0,0,,,
,1,AWD,N1, B,5,,,1,4,4,1,0,0,0,0,,
,1,AWD,N1, B,6,19,16,3,1,4,1,0,1,0,0,,
,1,AWD,N1, B,6,,,1,2,5,1,0,0,0,0,0,
,1,AWD,N1, B,6,,,3,3,5,,0,1,0,0,0,
,1,AWD,N1, B,6,,,3,4,5,2,1,1,0,0,0,
,1,AWD,N1, B,7,27,18,1,1,4,1,0,0,0,0,,
,1,AWD,N1, B,7,,,1,2,5,1,0,0,0,0,0,
,1,AWD,N1, B,7,,,1,3,5,1,0,0,0,0,0,
,1,AWD,N1, B,7,,,1,4,3,2,2,3,0,0,,
,1,AWD,N1, B,8,23,19,3,1,4,1,2,0,0,0,,
,1,AWD,N1, B,8,,,3,2,4,1,0,0,0,0,,
,1,AWD,N1, B,8,,,3,3,4,2,0,0,0,0,,
,1,AWD,N1, B,8,,,3,4,4,2,0,0,1,0,,
,1,AWD,N1, B,9,17,17,1,1,6,,1,1,1,0,,
,1,AWD,N1, B,9,,,3,2,5,,0,0,0,0,0,
,1,AWD,N1, B,9,,,1,3,5,1,0,0,0,0,0,
,1,AWD,N1, B,9,,,1,4,5,1,0,0,0,0,0,
29-Mar-16,1,AWD,N2,A,1,21,14,3,1,4,1,2,1,0,0,,
,1,AWD,N2,A,1,,,1,2,5,1,0,0,0,0,0,
,1,AWD,N2,A,1,,,1,3,4,1,0,0,0,0,,
,1,AWD,N2,A,1,,,3,4,4,,1,0,0,0,,
,1,AWD,N2,A,2,24,12,3,1,5,,2,0,0,0,0,
,1,AWD,N2,A,2,,,1,2,5,,2,0,0,0,0,
,1,AWD,N2,A,2,,,3,3,5,,0,1,2,0,0,
,1,AWD,N2,A,2,,,1,4,5,,0,0,0,0,0,
,1,AWD,N2,A,3,24,21,3,1,5,1,0,0,0,0,0,
,1,AWD,N2,A,3,,,3,2,4,,0,0,0,0,,
,1,AWD,N2,A,3,,,3,3,6,,0,1,2,0,0,0
,1,AWD,N2,A,3,,,3,4,5,1,0,0,0,0,0,
,1,AWD,N2,A,4,24,15,3,1,5,,0,0,0,0,0,
,1,AWD,N2,A,4,,,3,2,4,1,1,0,0,0,,
,1,AWD,N2,A,4,,,1,3,6,,0,0,0,0,0,0
,1,AWD,N2,A,4,,,2,4,4,1,1,0,0,0,,
,1,AWD,N2,A,5,25,11,3,1,4,1,0,0,0,0,,
,1,AWD,N2,A,5,,,3,2,4,,1,0,0,0,,
,1,AWD,N2,A,5,,,3,3,3,1,0,2,0,,,
,1,AWD,N2,A,5,,,3,4,5,,0,0,1,0,0,
,1,AWD,N2,A,6,18,13,3,1,4,1,0,0,0,0,,
,1,AWD,N2,A,6,,,1,2,4,2,1,1,0,1,,
,1,AWD,N2,A,6,,,3,3,3,1,0,3,0,,,
,1,AWD,N2,A,6,,,3,4,5,,2,0,0,0,0,
,1,AWD,N2,A,7,27,22,3,1,4,1,0,0,0,0,,
,1,AWD,N2,A,7,,,3,2,5,,0,0,0,0,0,
,1,AWD,N2,A,7,,,3,3,5,,0,0,0,0,0,
,1,AWD,N2,A,7,,,3,4,4,1,0,0,0,0,,
,1,AWD,N2,A,8,20,13,3,1,4,1,0,1,1,0,,
,1,AWD,N2,A,8,,,1,2,4,1,2,0,0,0,,
,1,AWD,N2,A,8,,,3,3,3,1,1,0,0,,,
,1,AWD,N2,A,8,,,3,4,4,1,1,1,0,0,,
,1,AWD,N2,A,9,15,10,3,1,4,1,0,0,0,0,,
,1,AWD,N2,A,9,,,3,2,4,1,0,0,0,0,,
,1,AWD,N2,A,9,,,3,3,4,1,0,0,0,0,,
,1,AWD,N2,A,9,,,1,4,5,,2,0,0,0,0,
29-Mar-16,1,AWD,N2,B,1,19,10,1,1,4,,0,0,0,0,,
,1,AWD,N2,B,1,,,1,2,5,1,0,0,0,0,0,
,1,AWD,N2,B,1,,,1,3,4,1,0,0,0,0,,
,1,AWD,N2,B,1,,,1,4,5,1,2,0,0,0,0,
,1,AWD,N2,B,2,15,12,3,1,4,1,0,0,0,0,,
,1,AWD,N2,B,2,,,3,2,4,1,0,0,4,0,,
,1,AWD,N2,B,2,,,1,3,5,,4,4,0,0,0,
,1,AWD,N2,B,2,,,3,4,5,1,0,0,0,0,0,
,1,AWD,N2,B,3,22,15,3,1,4,2,0,2,0,0,,
,1,AWD,N2,B,3,,,3,2,5,,0,0,0,0,0,
,1,AWD,N2,B,3,,,3,3,5,,0,0,0,0,0,
,1,AWD,N2,B,3,,,1,4,6,,0,0,0,0,0,0
,1,AWD,N2,B,4,20,17,3,1,5,,0,0,0,0,0,
,1,AWD,N2,B,4,,,3,2,5,1,0,0,0,0,0,
,1,AWD,N2,B,4,,,3,3,5,,1,2,1,0,0,
,1,AWD,N2,B,4,,,1,4,5,,0,0,0,0,0,
,1,AWD,N2,B,5,15,11,3,1,5,,3,0,0,0,0,
,1,AWD,N2,B,5,,,3,2,5,1,0,0,0,0,0,
,1,AWD,N2,B,5,,,1,3,5,,0,0,0,0,0,
,1,AWD,N2,B,5,,,3,4,5,1,3,0,0,0,0,
,1,AWD,N2,B,6,25,13,3,1,5,,1,0,0,0,0,
,1,AWD,N2,B,6,,,1,2,6,,0,0,0,0,0,0
,1,AWD,N2,B,6,,,1,3,5,,2,0,0,0,0,
,1,AWD,N2,B,6,,,1,4,5,,0,1,0,0,0,
,1,AWD,N2,B,7,25,17,1,1,5,,0,1,0,0,0,
,1,AWD,N2,B,7,,,1,2,5,,1,0,0,0,0,
,1,AWD,N2,B,7,,,3,3,5,,1,0,0,0,0,
,1,AWD,N2,B,7,,,3,4,4,2,1,0,0,0,,
,1,AWD,N2,B,8,19,16,3,1,5,,1,0,0,0,0,
,1,AWD,N2,B,8,,,1,2,5,,0,0,0,0,0,
,1,AWD,N2,B,8,,,3,3,5,,1,1,0,0,0,
,1,AWD,N2,B,8,,,3,4,5,1,0,0,2,0,0,
,1,AWD,N2,B,9,16,11,1,1,4,,0,0,0,0,,
,1,AWD,N2,B,9,,,1,2,5,,0,0,0,0,0,
,1,AWD,N2,B,9,,,1,3,5,,1,0,0,0,0,
,1,AWD,N2,B,9,,,3,4,5,,1,0,0,0,0,
29-Mar-16,1,PDL,N1,A,1,14,5,1,1,5,,0,0,0,0,0,
,1,PDL,N1,A,1,,,4,2,5,,0,0,0,0,0,
,1,PDL,N1,A,1,,,3,3,4,1,0,0,0,0,,
,1,PDL,N1,A,1,,,3,4,5,,1,0,0,0,0,
,1,PDL,N1,A,2,25,15,3,1,4,1,1,0,0,0,,
,1,PDL,N1,A,2,,,3,2,4,1,0,0,0,0,,
,1,PDL,N1,A,2,,,3,3,3,1,1,0,0,,,
,1,PDL,N1,A,2,,,3,4,4,1,0,0,0,0,,
,1,PDL,N1,A,3,21,16,1,1,5,,0,0,0,0,0,
,1,PDL,N1,A,3,,,3,2,4,1,0,0,0,0,,
,1,PDL,N1,A,3,,,3,3,4,1,0,1,0,0,,
,1,PDL,N1,A,3,,,3,4,4,1,2,0,0,0,,
,1,PDL,N1,A,4,15,9,1,1,5,,1,1,0,0,0,
,1,PDL,N1,A,4,,,3,2,4,1,0,2,0,0,,
,1,PDL,N1,A,4,,,1,3,4,1,2,0,0,0,,
,1,PDL,N1,A,4,,,1,4,5,,0,0,0,0,0,
,1,PDL,N1,A,5,20,13,1,1,3,1,0,1,0,,,
,1,PDL,N1,A,5,,,3,2,3,2,0,1,0,,,
,1,PDL,N1,A,5,,,3,3,4,1,0,0,0,0,,
,1,PDL,N1,A,5,,,3,4,4,1,0,0,0,0,,
,1,PDL,N1,A,6,18,9,1,1,5,,0,0,0,0,0,
,1,PDL,N1,A,6,,,3,2,5,,2,0,0,0,0,
,1,PDL,N1,A,6,,,1,3,4,2,2,2,1,0,,
,1,PDL,N1,A,6,,,3,4,5,,0,2,2,0,0,
,1,PDL,N1,A,7,11,8,1,1,4,,2,0,0,0,,
,1,PDL,N1,A,7,,,1,2,4,,1,0,0,0,,
,1,PDL,N1,A,7,,,3,3,4,,1,0,0,0,,
,1,PDL,N1,A,7,,,1,4,5,,0,0,0,0,0,
,1,PDL,N1,A,8,25,15,1,1,4,2,1,1,0,0,,
,1,PDL,N1,A,8,,,1,2,5,,0,0,0,0,0,
,1,PDL,N1,A,8,,,1,3,5,,0,0,1,2,0,
,1,PDL,N1,A,8,,,1,4,5,,0,1,1,0,0,
,1,PDL,N1,A,9,14,11,1,1,4,1,0,0,0,1,,
,1,PDL,N1,A,9,,,3,2,5,,0,0,2,0,0,
,1,PDL,N1,A,9,,,3,3,4,2,0,0,1,2,,
,1,PDL,N1,A,9,,,1,4,4,,1,0,0,0,,
29-Mar-16,1,PDL,N1,B,1,19,15,1,1,4,1,0,0,0,0,,
,1,PDL,N1,B,1,,,3,2,3,2,0,0,0,,,
,1,PDL,N1,B,1,,,1,3,4,1,0,0,0,0,,
,1,PDL,N1,B,1,,,1,4,5,1,1,0,0,0,,
,1,PDL,N1,B,2,15,9,1,1,3,2,0,0,0,,,
,1,PDL,N1,B,2,,,1,2,5,,1,0,0,0,0,
,1,PDL,N1,B,2,,,1,3,5,,0,0,0,0,0,
,1,PDL,N1,B,2,,,1,4,5,,0,0,0,0,0,
,1,PDL,N1,B,3,18,16,1,1,4,1,1,2,0,0,,
,1,PDL,N1,B,3,,,1,2,5,,0,0,0,0,0,
,1,PDL,N1,B,3,,,1,3,4,2,0,0,0,0,,
,1,PDL,N1,B,3,,,1,4,4,1,0,0,0,0,,
,1,PDL,N1,B,4,20,15,1,1,5,,0,0,0,0,0,
,1,PDL,N1,B,4,,,3,2,4,1,0,0,0,0,,
,1,PDL,N1,B,4,,,1,3,5,,0,0,0,0,0,
,1,PDL,N1,B,4,,,3,4,5,,0,0,0,0,0,
,1,PDL,N1,B,5,17,14,1,1,3,2,0,0,1,,,
,1,PDL,N1,B,5,,,1,2,5,1,0,0,0,0,0,
,1,PDL,N1,B,5,,,1,3,3,2,0,0,0,,,
,1,PDL,N1,B,5,,,1,4,5,,1,1,0,0,0,
,1,PDL,N1,B,6,18,13,1,1,6,,0,0,0,0,0,0
,1,PDL,N1,B,6,,,1,2,6,,0,0,0,0,0,0
,1,PDL,N1,B,6,,,1,3,6,,0,0,0,0,0,0
,1,PDL,N1,B,6,,,3,4,6,,0,0,0,0,0,0
,1,PDL,N1,B,7,17,14,1,1,4,1,0,0,0,0,,
,1,PDL,N1,B,7,,,1,2,5,,0,1,0,0,0,
,1,PDL,N1,B,7,,,1,3,5,,0,0,0,0,0,
,1,PDL,N1,B,7,,,1,4,5,,1,1,0,0,0,
,1,PDL,N1,B,8,25,14,1,1,4,1,0,1,0,0,,
,1,PDL,N1,B,8,,,3,2,4,1,0,1,1,0,,
,1,PDL,N1,B,8,,,1,3,5,,0,0,0,0,0,
,1,PDL,N1,B,8,,,3,4,4,1,1,0,0,0,,
,1,PDL,N1,B,9,15,13,1,1,4,1,1,0,0,0,,
,1,PDL,N1,B,9,,,1,2,5,,0,0,0,0,0,
,1,PDL,N1,B,9,,,1,3,4,1,1,0,0,0,,
,1,PDL,N1,B,9,,,3,4,4,1,0,1,0,0,,
29-Mar-16,1,PDL,N2,A,1,25,15,3,1,6,,0,0,0,0,,
,1,PDL,N2,A,1,,,3,2,4,2,1,1,0,0,,
,1,PDL,N2,A,1,,,1,3,6,,0,1,0,0,,0
,1,PDL,N2,A,1,,,3,4,4,1,2,0,0,0,,
,1,PDL,N2,A,2,17,13,1,1,5,,1,0,0,0,0,
,1,PDL,N2,A,2,,,1,2,5,,1,0,0,0,0,
,1,PDL,N2,A,2,,,1,3,4,,0,0,0,0,,
,1,PDL,N2,A,2,,,1,4,5,,0,0,0,0,0,
,1,PDL,N2,A,3,21,14,1,1,5,,0,0,0,0,0,
,1,PDL,N2,A,3,,,3,2,4,1,0,0,0,0,,
,1,PDL,N2,A,3,,,1,3,4,,0,1,0,0,,
,1,PDL,N2,A,3,,,1,4,4,1,1,1,0,0,,
,1,PDL,N2,A,4,19,11,1,1,6,,1,2,0,0,0,0
,1,PDL,N2,A,4,,,1,2,5,1,0,0,0,0,0,
,1,PDL,N2,A,4,,,1,3,5,,0,0,0,0,0,
,1,PDL,N2,A,4,,,1,4,5,,0,0,0,0,0,
,1,PDL,N2,A,5,14,12,1,1,5,,1,0,0,0,0,
,1,PDL,N2,A,5,,,1,2,4,1,0,2,0,0,,
,1,PDL,N2,A,5,,,1,3,5,,2,1,0,0,0,
,1,PDL,N2,A,5,,,3,4,5,,1,2,0,0,0,
,1,PDL,N2,A,6,21,11,2,1,5,,0,0,0,0,0,
,1,PDL,N2,A,6,,,3,2,4,1,1,0,0,0,,
,1,PDL,N2,A,6,,,1,3,6,,0,0,0,0,0,0
,1,PDL,N2,A,6,,,1,4,5,,1,1,0,0,0,
,1,PDL,N2,A,7,25,19,1,1,5,,0,2,0,0,0,
,1,PDL,N2,A,7,,,1,2,5,,0,1,1,0,0,
,1,PDL,N2,A,7,,,1,3,5,1,0,0,0,0,0,
,1,PDL,N2,A,7,,,1,4,5,1,0,0,0,0,0,
,1,PDL,N2,A,8,27,21,1,1,5,,1,2,0,0,0,
,1,PDL,N2,A,8,,,2,2,6,,0,0,0,0,0,0
,1,PDL,N2,A,8,,,1,3,4,1,0,1,1,0,,
,1,PDL,N2,A,8,,,1,4,5,,0,1,0,0,0,
,1,PDL,N2,A,9,24,19,1,1,4,1,1,0,0,0,,
,1,PDL,N2,A,9,,,1,2,3,2,1,0,0,,,
,1,PDL,N2,A,9,,,1,3,5,,1,1,0,0,0,
,1,PDL,N2,A,9,,,1,4,5,,1,0,0,0,0,
29-Mar-16,1,PDL,N2,B,1,19,12,1,1,6,,0,0,0,0,,0
,1,PDL,N2,B,1,,,3,2,4,2,0,0,0,0,,
,1,PDL,N2,B,1,,,3,3,5,,0,0,0,0,0,
,1,PDL,N2,B,1,,,1,4,5,,1,0,0,0,0,
,1,PDL,N2,B,2,22,19,3,1,6,,0,0,0,0,0,0
,1,PDL,N2,B,2,,,1,2,5,,1,0,0,0,0,
,1,PDL,N2,B,2,,,1,3,5,,0,0,0,0,0,
,1,PDL,N2,B,2,,,1,4,5,,0,0,0,0,0,
,1,PDL,N2,B,3,24,16,3,1,5,,0,0,0,0,0,
,1,PDL,N2,B,3,,,3,2,4,1,0,0,0,0,,
,1,PDL,N2,B,3,,,1,3,4,2,0,0,0,0,,
,1,PDL,N2,B,3,,,3,4,5,,0,0,0,0,0,
,1,PDL,N2,B,4,20,9,1,1,6,,0,0,0,0,0,0
,1,PDL,N2,B,4,,,1,2,6,,1,1,0,0,0,0
,1,PDL,N2,B,4,,,3,3,4,1,2,1,0,0,,
,1,PDL,N2,B,4,,,1,4,4,2,1,1,1,0,,
,1,PDL,N2,B,5,25,22,1,1,4,,1,0,0,0,,
,1,PDL,N2,B,5,,,3,2,4,1,0,2,0,0,,
,1,PDL,N2,B,5,,,1,3,4,2,1,2,0,0,,
,1,PDL,N2,B,5,,,1,4,5,,0,0,0,0,0,
,1,PDL,N2,B,6,21,11,1,1,5,,0,0,0,0,0,
,1,PDL,N2,B,6,,,1,2,5,,0,0,0,0,0,
,1,PDL,N2,B,6,,,1,3,5,,0,0,0,0,0,
,1,PDL,N2,B,6,,,1,4,5,,0,0,0,0,0,
,1,PDL,N2,B,7,22,13,1,1,4,2,1,1,0,0,,
,1,PDL,N2,B,7,,,3,2,5,,1,1,0,0,0,
,1,PDL,N2,B,7,,,1,3,5,,0,0,0,0,0,
,1,PDL,N2,B,7,,,1,4,5,,0,0,0,0,0,
,1,PDL,N2,B,8,23,11,1,1,4,1,1,1,0,0,,
,1,PDL,N2,B,8,,,1,2,5,,0,0,0,0,0,
,1,PDL,N2,B,8,,,1,3,5,,0,0,0,0,0,
,1,PDL,N2,B,8,,,1,4,4,1,1,1,0,0,,
,1,PDL,N2,B,9,19,12,1,1,4,1,0,0,0,0,,
,1,PDL,N2,B,9,,,1,2,5,,0,0,0,0,0,
,1,PDL,N2,B,9,,,1,3,4,1,0,0,0,0,,
,1,PDL,N2,B,9,,,1,4,5,1,0,0,0,0,0,
29-Mar-16,2,AWD,N1, A,1,22,10,1,1,5,,0,0,0,0,0,
,2,AWD,N1, A,1,,,0,2,5,,1,0,0,0,0,
,2,AWD,N1, A,1,,,1,3,5,,0,0,0,0,0,
,2,AWD,N1, A,1,,,3,4,5,,0,0,0,0,0,
,2,AWD,N1, A,2,18,13,1,1,4,1,0,1,0,0,,
,2,AWD,N1, A,2,,,1,2,4,1,0,1,0,0,,
,2,AWD,N1, A,2,,,1,3,4,1,0,1,1,0,,
,2,AWD,N1, A,2,,,1,4,5,,0,0,0,0,0,
,2,AWD,N1, A,3,15,14,0,1,5,,1,1,0,0,0,
,2,AWD,N1, A,3,,,1,2,5,,0,0,0,0,0,
,2,AWD,N1, A,3,,,3,3,5,,0,1,1,0,0,
,2,AWD,N1, A,3,,,3,4,5,,0,1,1,0,0,
,2,AWD,N1, A,4,16,9,0,1,5,,2,0,0,0,0,
,2,AWD,N1, A,4,,,1,2,5,,0,0,0,0,0,
,2,AWD,N1, A,4,,,1,3,5,,0,0,0,0,0,
,2,AWD,N1, A,4,,,1,4,5,,0,0,0,0,0,
,2,AWD,N1, A,5,22,16,1,1,4,1,0,1,0,1,,
,2,AWD,N1, A,5,,,3,2,5,,1,1,0,0,0,
,2,AWD,N1, A,5,,,3,3,5,,2,0,1,0,0,
,2,AWD,N1, A,5,,,1,4,5,,0,2,1,0,0,
,2,AWD,N1, A,6,18,13,1,1,5,,0,0,0,0,0,
,2,AWD,N1, A,6,,,0,2,5,,0,1,0,0,0,
,2,AWD,N1, A,6,,,1,3,5,,2,0,0,0,0,
,2,AWD,N1, A,6,,,1,4,5,,0,1,1,0,0,
,2,AWD,N1, A,7,17,17,3,1,4,1,0,0,1,0,,
,2,AWD,N1, A,7,,,1,2,5,,2,1,0,0,0,
,2,AWD,N1, A,7,,,3,3,5,,2,0,0,0,0,
,2,AWD,N1, A,7,,,1,4,5,,0,0,0,0,0,
,2,AWD,N1, A,8,21,19,3,1,4,1,2,2,1,0,,
,2,AWD,N1, A,8,,,1,2,5,,0,1,0,0,0,
,2,AWD,N1, A,8,,,3,3,4,1,0,1,0,0,,
,2,AWD,N1, A,8,,,1,4,4,1,0,0,0,0,,
,2,AWD,N1, A,9,24,17,1,1,4,1,2,0,0,0,,
,2,AWD,N1, A,9,,,3,2,4,1,1,1,0,0,,
,2,AWD,N1, A,9,,,1,3,4,1,1,1,1,0,,
,2,AWD,N1, A,9,,,3,4,5,,2,1,0,0,0,
29-Mar-16,2,AWD,N1, B,1,15,13,1,1,5,1,2,0,1,0,0,
,2,AWD,N1, B,1,,,3,2,5,1,2,0,0,0,0,
,2,AWD,N1, B,1,,,1,3,4,1,1,1,0,0,,
,2,AWD,N1, B,1,,,3,4,5,1,0,0,0,0,0,
,2,AWD,N1, B,2,18,14,0,1,5,1,1,0,0,0,0,
,2,AWD,N1, B,2,,,1,2,5,1,0,1,0,0,0,
,2,AWD,N1, B,2,,,3,3,4,1,0,1,0,0,,
,2,AWD,N1, B,2,,,3,4,5,,0,0,0,0,0,
,2,AWD,N1, B,3,17,9,1,1,5,,0,0,0,0,0,
,2,AWD,N1, B,3,,,3,2,4,1,1,1,0,0,,
,2,AWD,N1, B,3,,,1,3,5,,0,0,0,0,0,
,2,AWD,N1, B,3,,,1,4,4,1,1,0,1,0,,
,2,AWD,N1, B,4,18,12,1,1,4,1,0,0,0,0,,
,2,AWD,N1, B,4,,,3,2,4,1,2,0,0,0,,
,2,AWD,N1, B,4,,,1,3,4,1,1,0,0,0,,
,2,AWD,N1, B,4,,,3,4,5,,2,1,0,0,0,
,2,AWD,N1, B,5,20,12,3,1,4,1,1,0,0,0,,
,2,AWD,N1, B,5,,,1,2,5,,0,0,0,0,0,
,2,AWD,N1, B,5,,,3,3,4,1,1,0,1,0,,
,2,AWD,N1, B,5,,,1,4,4,1,1,1,1,0,,
,2,AWD,N1, B,6,25,15,1,1,5,,1,1,0,0,0,
,2,AWD,N1, B,6,,,3,2,4,1,2,0,0,0,,
,2,AWD,N1, B,6,,,3,3,4,1,1,1,1,0,,
,2,AWD,N1, B,6,,,1,4,5,,0,0,0,0,0,
,2,AWD,N1, B,7,25,16,1,1,4,1,1,1,0,0,,
,2,AWD,N1, B,7,,,1,2,5,,0,0,0,0,0,
,2,AWD,N1, B,7,,,1,3,4,1,2,1,0,0,,
,2,AWD,N1, B,7,,,3,4,4,1,1,1,0,0,,
,2,AWD,N1, B,8,22,16,1,1,5,,0,0,0,0,,
,2,AWD,N1, B,8,,,3,2,4,1,2,0,1,3,,
,2,AWD,N1, B,8,,,1,3,5,,0,0,0,0,0,
,2,AWD,N1, B,8,,,1,4,5,,0,0,0,0,0,
,2,AWD,N1, B,9,20,15,1,1,4,1,1,0,1,0,,
,2,AWD,N1, B,9,,,3,2,5,,0,1,0,0,0,
,2,AWD,N1, B,9,,,1,3,5,,0,0,1,0,0,
,2,AWD,N1, B,9,,,1,4,4,1,1,1,0,0,,
29-Mar-16,2,AWD,N2,A,1,14,12,3,1,4,1,1,1,0,0,,
,2,AWD,N2,A,1,,,3,2,5,,1,0,0,0,0,
,2,AWD,N2,A,1,,,1,3,5,,0,0,0,0,0,
,2,AWD,N2,A,1,,,3,4,4,1,1,1,0,0,,
,2,AWD,N2,A,2,7,5,1,1,4,1,1,0,0,0,,
,2,AWD,N2,A,2,,,3,2,4,1,1,1,0,0,,
,2,AWD,N2,A,2,,,1,3,5,,0,0,0,0,0,
,2,AWD,N2,A,2,,,1,4,4,1,0,1,0,0,,
,2,AWD,N2,A,3,20,20,1,1,5,,0,0,0,0,0,
,2,AWD,N2,A,3,,,3,2,4,1,2,0,0,0,,
,2,AWD,N2,A,3,,,3,3,5,,1,0,0,0,0,
,2,AWD,N2,A,3,,,3,4,5,,1,1,0,0,0,
,2,AWD,N2,A,4,18,16,1,1,5,,2,1,0,0,0,
,2,AWD,N2,A,4,,,1,2,4,1,1,0,0,0,,
,2,AWD,N2,A,4,,,1,3,5,,0,0,0,0,0,
,2,AWD,N2,A,4,,,3,4,4,1,1,0,0,0,,
,2,AWD,N2,A,5,20,15,3,1,5,,0,2,1,0,0,
,2,AWD,N2,A,5,,,1,2,4,,0,1,0,0,,
,2,AWD,N2,A,5,,,1,3,5,,0,0,0,0,0,
,2,AWD,N2,A,5,,,3,4,5,,1,1,0,0,0,
,2,AWD,N2,A,6,19,9,3,1,5,,1,0,0,0,0,
,2,AWD,N2,A,6,,,3,2,5,,0,2,1,0,0,
,2,AWD,N2,A,6,,,3,3,5,,0,1,0,0,0,
,2,AWD,N2,A,6,,,3,4,4,1,2,1,0,0,,
,2,AWD,N2,A,7,23,19,1,1,5,,0,2,2,0,0,
,2,AWD,N2,A,7,,,1,2,4,1,2,1,0,0,,
,2,AWD,N2,A,7,,,3,3,5,,2,1,1,1,0,
,2,AWD,N2,A,7,,,1,4,5,,0,0,0,0,0,
,2,AWD,N2,A,8,19,17,3,1,5,,0,0,0,0,0,
,2,AWD,N2,A,8,,,3,2,5,,2,1,0,0,0,
,2,AWD,N2,A,8,,,3,3,5,,2,1,0,0,0,
,2,AWD,N2,A,8,,,1,4,4,1,1,0,0,0,,
,2,AWD,N2,A,9,24,21,1,1,5,,0,0,0,0,0,
,2,AWD,N2,A,9,,,1,2,4,1,2,0,0,0,,
,2,AWD,N2,A,9,,,3,3,4,1,2,0,0,0,,
,2,AWD,N2,A,9,,,3,4,5,,2,1,0,0,0,
29-Mar-16,2,AWD,N2,B,1,13,13,3,1,4,1,2,1,0,0,,
,2,AWD,N2,B,1,,,3,2,5,,0,1,0,0,,
,2,AWD,N2,B,1,,,1,3,5,,0,0,0,0,,
,2,AWD,N2,B,1,,,1,4,5,,0,1,1,0,,
,2,AWD,N2,B,2,19,16,1,1,4,1,1,1,0,0,,
,2,AWD,N2,B,2,,,3,2,5,,1,1,0,0,0,
,2,AWD,N2,B,2,,,3,3,5,,2,1,0,0,0,
,2,AWD,N2,B,2,,,1,4,4,1,2,2,0,0,,
,2,AWD,N2,B,3,19,19,1,1,4,1,1,1,0,0,,
,2,AWD,N2,B,3,,,1,2,5,,1,0,0,0,0,
,2,AWD,N2,B,3,,,1,3,4,1,2,0,0,0,,
,2,AWD,N2,B,3,,,3,4,5,,0,1,1,1,0,
,2,AWD,N2,B,4,30,27,1,1,4,1,1,1,1,0,,
,2,AWD,N2,B,4,,,1,2,4,1,1,0,0,0,,
,2,AWD,N2,B,4,,,3,3,4,1,2,1,0,0,,
,2,AWD,N2,B,4,,,1,4,5,,1,1,0,0,,
,2,AWD,N2,B,5,19,18,3,1,4,1,1,0,2,0,,
,2,AWD,N2,B,5,,,1,2,4,1,2,1,0,0,,
,2,AWD,N2,B,5,,,1,3,5,,1,0,0,0,0,
,2,AWD,N2,B,5,,,3,4,4,1,2,0,0,0,,
,2,AWD,N2,B,6,29,22,3,1,4,1,0,1,0,0,,
,2,AWD,N2,B,6,,,1,2,5,,0,1,1,0,0,
,2,AWD,N2,B,6,,,3,3,4,1,0,1,1,0,,
,2,AWD,N2,B,6,,,3,4,5,,0,0,0,0,0,
,2,AWD,N2,B,7,26,16,3,1,4,1,1,1,1,1,,
,2,AWD,N2,B,7,,,1,2,5,,0,0,0,0,0,
,2,AWD,N2,B,7,,,3,3,4,1,1,0,0,0,,
,2,AWD,N2,B,7,,,3,4,5,,0,1,0,0,0,
,2,AWD,N2,B,8,16,16,3,1,5,,0,1,0,0,0,
,2,AWD,N2,B,8,,,1,2,4,1,2,1,0,0,,
,2,AWD,N2,B,8,,,1,3,5,,0,0,0,0,0,
,2,AWD,N2,B,8,,,1,4,5,,0,1,0,0,0,
,2,AWD,N2,B,9,22,22,1,1,5,,0,1,0,0,0,
,2,AWD,N2,B,9,,,3,2,5,,0,0,0,0,0,
,2,AWD,N2,B,9,,,3,3,4,1,2,1,0,0,,
,2,AWD,N2,B,9,,,3,4,4,1,1,1,0,0,,
29-Mar-16,2,PDL,N1,A,1,14,7,0,1,4,,1,0,0,0,,
,2,PDL,N1,A,1,,,1,2,5,,0,0,0,0,0,
,2,PDL,N1,A,1,,,1,3,6,,0,0,0,0,0,0
,2,PDL,N1,A,1,,,1,4,4,,3,0,0,0,0,
,2,PDL,N1,A,2,20,17,1,1,5,,0,0,0,0,0,
,2,PDL,N1,A,2,,,1,2,5,,0,0,0,0,0,
,2,PDL,N1,A,2,,,2,3,5,,0,0,0,0,0,
,2,PDL,N1,A,2,,,1,4,5,,1,1,0,0,0,
,2,PDL,N1,A,3,24,15,1,1,4,2,1,2,0,0,,
,2,PDL,N1,A,3,,,3,2,4,2,0,0,0,0,,
,2,PDL,N1,A,3,,,1,3,5,,0,0,0,0,0,
,2,PDL,N1,A,3,,,1,4,5,1,0,0,0,0,0,
,2,PDL,N1,A,4,17,12,3,1,5,1,2,0,2,0,0,
,2,PDL,N1,A,4,,,3,2,5,1,0,0,0,0,0,
,2,PDL,N1,A,4,,,1,3,5,1,0,0,0,0,0,
,2,PDL,N1,A,4,,,3,4,5,1,0,0,0,0,0,
,2,PDL,N1,A,5,22,15,3,1,5,,1,0,0,0,0,
,2,PDL,N1,A,5,,,3,2,5,,0,0,0,0,0,
,2,PDL,N1,A,5,,,1,3,5,,0,0,0,0,0,
,2,PDL,N1,A,5,,,1,4,5,1,0,0,0,0,0,
,2,PDL,N1,A,6,16,10,1,1,5,1,0,0,0,0,0,
,2,PDL,N1,A,6,,,1,2,5,1,0,0,0,0,0,
,2,PDL,N1,A,6,,,1,3,5,1,0,0,0,0,0,
,2,PDL,N1,A,6,,,4,4,4,2,0,0,0,0,,
,2,PDL,N1,A,7,17,14,1,1,5,1,0,0,0,0,0,
,2,PDL,N1,A,7,,,1,2,5,1,0,0,0,0,0,
,2,PDL,N1,A,7,,,1,3,5,1,0,0,0,0,0,
,2,PDL,N1,A,7,,,1,4,5,1,0,0,0,0,0,
,2,PDL,N1,A,8,15,10,3,1,5,,0,0,0,0,0,
,2,PDL,N1,A,8,,,3,2,5,,0,0,0,0,0,
,2,PDL,N1,A,8,,,1,3,5,1,0,0,0,0,0,
,2,PDL,N1,A,8,,,1,4,5,1,0,0,0,0,0,
,2,PDL,N1,A,9,14,6,3,1,5,1,1,2,1,1,0,
,2,PDL,N1,A,9,,,3,2,5,1,0,0,0,0,0,
,2,PDL,N1,A,9,,,3,3,5,1,0,0,0,0,0,
,2,PDL,N1,A,9,,,3,4,5,1,0,0,0,0,0,
29-Mar-16,2,PDL,N1,B,1,21,16,1,1,5,,0,0,0,0,0,
,2,PDL,N1,B,1,,,1,2,5,,0,0,0,0,0,
,2,PDL,N1,B,1,,,3,3,5,,0,0,0,0,0,
,2,PDL,N1,B,1,,,1,4,5,,0,0,0,0,0,
,2,PDL,N1,B,2,17,14,3,1,5,1,0,0,0,0,0,
,2,PDL,N1,B,2,,,3,2,5,1,0,0,0,0,0,
,2,PDL,N1,B,2,,,3,3,5,1,0,0,0,0,0,
,2,PDL,N1,B,2,,,3,4,5,1,0,0,0,0,0,
,2,PDL,N1,B,3,22,18,1,1,5,1,0,0,0,0,0,
,2,PDL,N1,B,3,,,1,2,5,1,0,0,0,0,0,
,2,PDL,N1,B,3,,,3,3,5,,0,0,0,0,0,
,2,PDL,N1,B,3,,,3,4,5,,0,0,0,0,0,
,2,PDL,N1,B,4,17,15,1,1,5,,0,1,0,0,0,
,2,PDL,N1,B,4,,,1,2,5,1,1,0,0,0,0,
,2,PDL,N1,B,4,,,3,3,5,1,0,0,0,0,0,
,2,PDL,N1,B,4,,,1,4,5,1,0,0,0,0,0,
,2,PDL,N1,B,5,19,16,1,1,5,,0,0,0,0,0,
,2,PDL,N1,B,5,,,3,2,5,1,0,0,0,0,0,
,2,PDL,N1,B,5,,,1,3,5,1,0,0,0,0,0,
,2,PDL,N1,B,5,,,3,4,5,1,0,0,0,0,0,
,2,PDL,N1,B,6,20,13,1,1,5,,3,1,1,0,0,
,2,PDL,N1,B,6,,,1,2,5,1,2,0,0,0,0,
,2,PDL,N1,B,6,,,1,3,5,,0,0,0,0,0,
,2,PDL,N1,B,6,,,1,4,5,1,0,0,0,0,0,
,2,PDL,N1,B,7,20,18,1,1,5,,0,1,0,0,0,
,2,PDL,N1,B,7,,,1,2,5,1,1,1,1,0,0,
,2,PDL,N1,B,7,,,1,3,5,2,1,1,1,0,0,
,2,PDL,N1,B,7,,,1,4,5,1,0,0,0,0,0,
,2,PDL,N1,B,8,16,12,1,1,5,,1,1,0,0,0,
,2,PDL,N1,B,8,,,1,2,5,2,0,0,0,0,0,
,2,PDL,N1,B,8,,,1,3,5,1,0,0,0,0,0,
,2,PDL,N1,B,8,,,1,4,5,1,0,0,0,0,0,
,2,PDL,N1,B,9,21,17,3,1,5,,0,0,0,0,0,
,2,PDL,N1,B,9,,,3,2,5,1,0,0,0,0,0,
,2,PDL,N1,B,9,,,1,3,5,1,0,0,0,0,0,
,2,PDL,N1,B,9,,,3,4,5,,1,2,1,0,0,
29-Mar-16,2,PDL,N2,A,1,18,18,3,1,5,,1,1,0,0,0,
,2,PDL,N2,A,1,,,3,2,5,,1,2,0,0,0,
,2,PDL,N2,A,1,,,3,3,4,2,2,1,0,0,,
,2,PDL,N2,A,1,,,3,4,5,,0,0,0,0,0,
,2,PDL,N2,A,2,17,17,3,1,4,,1,0,0,0,,
,2,PDL,N2,A,2,,,3,2,3,1,0,0,0,,,
,2,PDL,N2,A,2,,,3,3,4,1,3,0,0,0,,
,2,PDL,N2,A,2,,,3,4,5,1,0,0,0,0,0,
,2,PDL,N2,A,3,26,22,1,1,5,,0,0,0,0,0,
,2,PDL,N2,A,3,,,1,2,5,,0,0,0,0,0,
,2,PDL,N2,A,3,,,1,3,5,1,2,0,0,0,0,
,2,PDL,N2,A,3,,,1,4,5,1,0,0,0,0,0,
,2,PDL,N2,A,4,16,16,3,1,5,,0,0,0,0,0,
,2,PDL,N2,A,4,,,3,2,5,,0,0,0,0,0,
,2,PDL,N2,A,4,,,3,3,5,,0,0,0,0,0,
,2,PDL,N2,A,4,,,1,4,5,,0,0,0,0,0,
,2,PDL,N2,A,5,23,23,3,1,5,,0,0,0,0,0,
,2,PDL,N2,A,5,,,3,2,5,1,0,0,0,0,0,
,2,PDL,N2,A,5,,,3,3,5,1,0,0,0,0,0,
,2,PDL,N2,A,5,,,1,4,5,,0,0,0,0,0,
,2,PDL,N2,A,6,17,17,3,1,5,1,0,0,0,0,0,
,2,PDL,N2,A,6,,,1,2,5,1,0,0,0,0,0,
,2,PDL,N2,A,6,,,1,3,5,1,3,1,0,0,0,
,2,PDL,N2,A,6,,,1,4,5,1,3,0,0,0,0,
,2,PDL,N2,A,7,23,23,3,1,5,1,0,0,0,0,0,
,2,PDL,N2,A,7,,,3,2,5,1,0,0,0,0,0,
,2,PDL,N2,A,7,,,1,3,5,1,0,0,0,0,0,
,2,PDL,N2,A,7,,,3,4,5,1,0,0,0,0,0,
,2,PDL,N2,A,8,30,30,3,1,3,2,0,0,0,0,0,
,2,PDL,N2,A,8,,,3,2,5,1,0,0,0,0,0,
,2,PDL,N2,A,8,,,3,3,5,,0,0,0,0,0,
,2,PDL,N2,A,8,,,3,4,5,1,1,0,0,0,0,
,2,PDL,N2,A,9,13,8,3,1,5,1,1,0,0,0,0,
,2,PDL,N2,A,9,,,1,2,5,1,0,0,0,0,0,
,2,PDL,N2,A,9,,,1,3,5,1,0,0,0,0,0,
,2,PDL,N2,A,9,,,1,4,5,1,0,0,0,0,0,
29-Mar-16,2,PDL,N2,B,1,27,27,3,1,5,,0,0,0,0,0,
,2,PDL,N2,B,1,,,3,2,5,1,0,1,0,0,0,
,2,PDL,N2,B,1,,,3,3,5,,1,0,0,0,0,
,2,PDL,N2,B,1,,,3,4,5,1,1,0,0,0,0,
,2,PDL,N2,B,2,26,18,3,1,5,1,0,0,0,0,0,
,2,PDL,N2,B,2,,,1,2,5,,0,0,0,0,0,
,2,PDL,N2,B,2,,,1,3,5,,4,0,0,0,0,
,2,PDL,N2,B,2,,,3,4,5,,0,0,0,0,0,
,2,PDL,N2,B,3,24,24,3,1,5,1,3,0,0,0,0,
,2,PDL,N2,B,3,,,1,2,5,,0,0,1,0,0,
,2,PDL,N2,B,3,,,3,3,5,,1,0,1,0,0,
,2,PDL,N2,B,3,,,3,4,5,,0,0,0,0,0,
,2,PDL,N2,B,4,26,26,3,1,5,1,2,1,0,0,0,
,2,PDL,N2,B,4,,,3,2,5,,0,0,1,0,0,
,2,PDL,N2,B,4,,,1,3,5,1,0,0,0,0,0,
,2,PDL,N2,B,4,,,1,4,5,,0,0,0,0,0,
,2,PDL,N2,B,5,20,20,3,1,5,,0,0,0,0,0,
,2,PDL,N2,B,5,,,3,2,5,,0,0,0,0,0,
,2,PDL,N2,B,5,,,1,3,5,,0,0,0,0,0,
,2,PDL,N2,B,5,,,1,4,5,,1,0,0,0,0,
,2,PDL,N2,B,6,20,20,3,1,5,,0,0,0,0,0,
,2,PDL,N2,B,6,,,3,2,5,,0,0,0,0,0,
,2,PDL,N2,B,6,,,3,3,5,,0,0,0,0,0,
,2,PDL,N2,B,6,,,1,4,5,,0,0,0,0,0,
,2,PDL,N2,B,7,24,24,3,1,5,1,0,0,0,0,0,
,2,PDL,N2,B,7,,,1,2,5,,0,0,0,0,0,
,2,PDL,N2,B,7,,,1,3,5,,0,0,0,0,0,
,2,PDL,N2,B,7,,,1,4,5,1,0,0,0,0,0,
,2,PDL,N2,B,8,22,18,1,1,5,,0,0,0,0,0,
,2,PDL,N2,B,8,,,1,2,5,,0,0,0,0,0,
,2,PDL,N2,B,8,,,1,3,5,,0,0,0,0,0,
,2,PDL,N2,B,8,,,1,4,5,,0,0,0,0,0,
,2,PDL,N2,B,9,31,25,1,1,5,,0,0,0,0,0,
,2,PDL,N2,B,9,,,1,2,5,,0,0,0,0,0,
,2,PDL,N2,B,9,,,1,3,5,,0,0,0,0,0,
,2,PDL,N2,B,9,,,1,4,5,,0,0,0,0,0,
29-Mar-16,3,AWD,N1, A,1,20,20,1,1,4,1,2,0,0,0,,
,3,AWD,N1, A,1,,,1,2,5,,2,0,0,0,0,
,3,AWD,N1, A,1,,,1,3,4,1,1,0,0,0,,
,3,AWD,N1, A,1,,,1,4,5,,2,2,0,0,0,
,3,AWD,N1, A,2,21,21,1,1,4,1,3,1,0,0,,
,3,AWD,N1, A,2,,,1,2,4,1,2,0,1,0,,
,3,AWD,N1, A,2,,,1,3,4,1,2,1,0,0,,
,3,AWD,N1, A,2,,,1,4,4,1,3,0,0,0,,
,3,AWD,N1, A,3,12,12,1,1,5,1,2,0,0,0,0,
,3,AWD,N1, A,3,,,3,2,4,2,3,2,0,0,,
,3,AWD,N1, A,3,,,1,3,5,1,2,1,0,0,0,
,3,AWD,N1, A,3,,,3,4,5,,3,1,1,0,0,
,3,AWD,N1, A,4,21,21,3,1,5,1,3,1,0,0,0,
,3,AWD,N1, A,4,,,1,2,5,1,1,0,0,0,0,
,3,AWD,N1, A,4,,,3,3,5,1,3,2,1,0,0,
,3,AWD,N1, A,4,,,3,4,5,1,3,2,0,0,0,
,3,AWD,N1, A,5,17,17,4,1,4,1,4,3,0,2,,
,3,AWD,N1, A,5,,,3,2,4,1,3,0,0,0,,
,3,AWD,N1, A,5,,,3,3,4,1,3,0,0,0,,
,3,AWD,N1, A,5,,,3,4,4,1,3,2,1,0,,
,3,AWD,N1, A,6,21,21,3,1,5,1,3,1,0,0,0,
,3,AWD,N1, A,6,,,4,2,4,2,3,3,0,0,,
,3,AWD,N1, A,6,,,3,3,5,1,3,0,0,0,0,
,3,AWD,N1, A,6,,,3,4,5,1,2,0,0,0,0,
,3,AWD,N1, A,7,25,25,3,1,5,1,2,0,0,0,0,
,3,AWD,N1, A,7,,,3,2,4,1,3,1,0,0,,
,3,AWD,N1, A,7,,,1,3,4,1,2,0,0,0,,
,3,AWD,N1, A,7,,,3,4,4,1,2,0,0,0,,
,3,AWD,N1, A,8,19,19,3,1,4,1,2,0,0,0,,
,3,AWD,N1, A,8,,,3,2,4,1,3,1,0,0,,
,3,AWD,N1, A,8,,,1,3,4,1,3,0,0,0,,
,3,AWD,N1, A,8,,,3,4,4,1,3,1,0,0,,
,3,AWD,N1, A,9,20,20,3,1,4,1,2,0,0,0,,
,3,AWD,N1, A,9,,,3,2,4,1,2,0,0,0,,
,3,AWD,N1, A,9,,,1,3,4,1,1,0,0,0,,
,3,AWD,N1, A,9,,,3,4,4,1,2,0,0,0,,
29-Mar-16,3,AWD,N1, B,1,24,20,1,1,5,1,1,0,0,0,0,
,3,AWD,N1, B,1,,,1,2,6,,0,0,0,0,0,0
,3,AWD,N1, B,1,,,1,3,6,,0,0,0,0,0,0
,3,AWD,N1, B,1,,,3,4,5,1,2,0,0,0,0,
,3,AWD,N1, B,2,20,20,1,1,5,1,1,0,0,0,0,
,3,AWD,N1, B,2,,,1,2,5,1,2,2,0,0,0,
,3,AWD,N1, B,2,,,3,3,5,1,1,2,0,0,0,
,3,AWD,N1, B,2,,,1,4,5,1,1,1,0,0,0,
,3,AWD,N1, B,3,13,13,1,1,4,1,1,0,0,0,,
,3,AWD,N1, B,3,,,3,2,4,1,2,0,0,0,,
,3,AWD,N1, B,3,,,1,3,4,1,2,1,0,0,,
,3,AWD,N1, B,3,,,1,4,4,1,1,0,0,0,,
,3,AWD,N1, B,4,20,20,1,1,4,2,1,0,0,0,,
,3,AWD,N1, B,4,,,3,2,4,2,3,1,0,0,,
,3,AWD,N1, B,4,,,3,3,5,1,1,0,0,0,0,
,3,AWD,N1, B,4,,,1,4,5,1,1,0,0,0,0,
,3,AWD,N1, B,5,15,15,1,1,4,1,2,1,0,0,,
,3,AWD,N1, B,5,,,1,2,4,1,1,0,0,0,,
,3,AWD,N1, B,5,,,3,3,4,1,1,0,0,0,,
,3,AWD,N1, B,5,,,3,4,4,1,1,0,0,0,,
,3,AWD,N1, B,6,20,18,1,1,5,1,1,0,0,0,0,
,3,AWD,N1, B,6,,,1,2,5,1,1,0,0,0,0,
,3,AWD,N1, B,6,,,1,3,5,1,3,1,0,0,0,
,3,AWD,N1, B,6,,,1,4,5,1,1,0,0,0,0,
,3,AWD,N1, B,7,19,19,1,1,5,1,1,0,0,0,0,
,3,AWD,N1, B,7,,,1,2,5,1,1,0,0,0,0,
,3,AWD,N1, B,7,,,1,3,5,1,2,1,0,0,0,
,3,AWD,N1, B,7,,,3,4,5,1,1,0,0,0,0,
,3,AWD,N1, B,8,24,24,1,1,5,1,1,0,0,0,0,
,3,AWD,N1, B,8,,,1,2,5,1,1,0,0,0,0,
,3,AWD,N1, B,8,,,3,3,5,1,1,0,0,0,0,
,3,AWD,N1, B,8,,,1,4,5,1,1,0,0,0,0,
,3,AWD,N1, B,9,22,22,1,1,4,1,2,1,0,0,,
,3,AWD,N1, B,9,,,3,2,4,1,2,1,0,0,,
,3,AWD,N1, B,9,,,1,3,4,1,1,0,0,0,,
,3,AWD,N1, B,9,,,1,4,4,1,1,0,0,0,,
29-Mar-16,3,AWD,N2,A,1,22,20,1,1,5,1,4,0,0,0,0,
,3,AWD,N2,A,1,,,1,2,5,1,3,0,0,0,0,
,3,AWD,N2,A,1,,,1,3,4,1,2,0,0,0,,
,3,AWD,N2,A,1,,,1,4,4,2,3,2,0,0,,
,3,AWD,N2,A,2,22,19,1,1,6,,0,0,0,0,0,0
,3,AWD,N2,A,2,,,3,2,5,1,2,0,0,0,0,
,3,AWD,N2,A,2,,,1,3,6,,0,0,0,0,0,0
,3,AWD,N2,A,2,,,1,4,4,2,3,2,0,0,,
,3,AWD,N2,A,3,25,22,1,1,4,2,4,3,0,0,,
,3,AWD,N2,A,3,,,1,2,6,,0,0,0,0,0,0
,3,AWD,N2,A,3,,,1,3,5,1,3,0,0,0,0,
,3,AWD,N2,A,3,,,3,4,5,1,2,0,0,0,0,
,3,AWD,N2,A,4,18,18,1,1,3,3,4,3,2,,,
,3,AWD,N2,A,4,,,1,2,5,1,3,0,0,0,0,
,3,AWD,N2,A,4,,,1,3,5,1,3,0,0,0,0,
,3,AWD,N2,A,4,,,3,4,4,2,3,2,0,0,,
,3,AWD,N2,A,5,16,15,1,1,6,,0,0,0,0,0,0
,3,AWD,N2,A,5,,,1,2,5,1,2,0,0,0,0,
,3,AWD,N2,A,5,,,1,3,5,1,3,0,0,0,0,
,3,AWD,N2,A,5,,,1,4,4,2,3,2,0,0,,
,3,AWD,N2,A,6,21,19,3,1,6,,3,0,0,0,0,0
,3,AWD,N2,A,6,,,1,2,5,1,3,0,0,0,0,
,3,AWD,N2,A,6,,,1,3,4,2,4,3,0,0,,
,3,AWD,N2,A,6,,,1,4,5,1,3,0,0,0,0,
,3,AWD,N2,A,7,25,17,4,1,4,2,4,3,0,0,,
,3,AWD,N2,A,7,,,4,2,4,2,4,2,0,0,,
,3,AWD,N2,A,7,,,1,3,5,1,3,0,0,0,0,
,3,AWD,N2,A,7,,,1,4,4,2,3,3,0,0,,
,3,AWD,N2,A,8,21,20,1,1,5,1,3,0,0,0,0,
,3,AWD,N2,A,8,,,1,2,4,2,3,1,0,0,,
,3,AWD,N2,A,8,,,1,3,5,1,3,2,0,0,0,
,3,AWD,N2,A,8,,,1,4,5,1,3,0,0,0,0,
,3,AWD,N2,A,9,20,20,4,1,5,1,3,0,0,0,0,
,3,AWD,N2,A,9,,,1,2,5,1,3,0,0,0,0,
,3,AWD,N2,A,9,,,1,3,4,2,3,2,0,0,,
,3,AWD,N2,A,9,,,1,4,6,,1,0,0,0,0,0
29-Mar-16,3,AWD,N2,B,1,19,19,1,1,1,5,0,0,0,0,0,
,3,AWD,N2,B,1,,,1,2,1,5,0,1,0,0,0,
,3,AWD,N2,B,1,,,1,3,1,4,1,3,0,0,,
,3,AWD,N2,B,1,,,1,4,1,4,1,4,0,0,,
,3,AWD,N2,B,2,14,14,3,1,3,5,0,1,0,0,0,
,3,AWD,N2,B,2,,,1,2,1,4,1,2,0,0,,
,3,AWD,N2,B,2,,,1,3,1,5,0,2,0,0,0,
,3,AWD,N2,B,2,,,1,4,1,5,0,2,0,0,0,
,3,AWD,N2,B,3,17,15,1,1,1,4,1,3,0,0,,
,3,AWD,N2,B,3,,,1,2,1,4,1,3,1,0,,
,3,AWD,N2,B,3,,,1,3,1,5,0,2,0,0,0,
,3,AWD,N2,B,3,,,1,4,1,5,0,2,0,0,0,
,3,AWD,N2,B,4,19,15,1,1,1,5,1,2,0,0,0,
,3,AWD,N2,B,4,,,1,2,1,5,1,3,0,0,0,
,3,AWD,N2,B,4,,,3,3,3,6,0,1,0,0,0,
,3,AWD,N2,B,4,,,1,4,1,6,0,1,0,0,0,
,3,AWD,N2,B,5,20,17,1,1,1,5,1,3,0,0,0,
,3,AWD,N2,B,5,,,3,2,3,5,1,2,0,0,0,
,3,AWD,N2,B,5,,,1,3,1,5,1,2,0,0,0,
,3,AWD,N2,B,5,,,1,4,1,5,0,1,0,0,0,
,3,AWD,N2,B,6,19,15,3,1,3,5,1,3,1,0,0,
,3,AWD,N2,B,6,,,1,2,1,6,0,1,1,0,0,0
,3,AWD,N2,B,6,,,3,3,3,5,1,3,0,0,0,
,3,AWD,N2,B,6,,,3,4,3,5,1,3,1,0,0,
,3,AWD,N2,B,7,18,15,3,1,3,5,1,2,0,0,0,
,3,AWD,N2,B,7,,,3,2,3,5,1,3,0,0,0,
,3,AWD,N2,B,7,,,1,3,1,5,1,2,0,0,0,
,3,AWD,N2,B,7,,,3,4,3,5,1,3,1,0,0,
,3,AWD,N2,B,8,13,10,1,1,1,5,0,1,0,0,0,
,3,AWD,N2,B,8,,,3,2,3,4,1,2,0,0,,
,3,AWD,N2,B,8,,,1,3,1,5,0,1,0,0,0,
,3,AWD,N2,B,8,,,3,4,3,4,1,3,0,0,,
,3,AWD,N2,B,9,16,10,3,1,3,5,0,1,0,0,0,
,3,AWD,N2,B,9,,,1,2,1,4,1,2,0,0,,
,3,AWD,N2,B,9,,,3,3,3,4,1,3,2,0,,
,3,AWD,N2,B,9,,,3,4,3,4,1,2,0,0,,
29-Mar-16,3,PDL,N1,A,1,19,9,3,1,5,1,2,0,0,0,0,
,3,PDL,N1,A,1,,,1,2,5,1,1,0,0,0,0,
,3,PDL,N1,A,1,,,3,3,5,1,2,0,0,0,0,
,3,PDL,N1,A,1,,,1,4,5,1,1,0,0,0,0,
,3,PDL,N1,A,2,19,11,3,1,5,1,1,1,0,0,0,
,3,PDL,N1,A,2,,,1,2,5,1,2,0,0,0,0,
,3,PDL,N1,A,2,,,1,3,5,1,1,0,0,0,0,
,3,PDL,N1,A,2,,,3,4,5,1,1,1,0,0,0,
,3,PDL,N1,A,3,24,9,1,1,5,1,1,0,0,0,0,
,3,PDL,N1,A,3,,,1,2,5,1,1,0,0,0,0,
,3,PDL,N1,A,3,,,3,3,5,1,1,1,0,0,0,
,3,PDL,N1,A,3,,,1,4,5,1,1,0,0,0,0,
,3,PDL,N1,A,4,19,10,1,1,4,1,1,1,0,0,,
,3,PDL,N1,A,4,,,3,2,4,1,1,1,0,0,,
,3,PDL,N1,A,4,,,1,3,4,1,1,1,0,0,,
,3,PDL,N1,A,4,,,1,4,4,1,1,0,0,0,,
,3,PDL,N1,A,5,19,16,3,1,5,1,1,0,0,0,0,
,3,PDL,N1,A,5,,,3,2,5,1,1,1,0,0,0,
,3,PDL,N1,A,5,,,1,3,5,1,1,0,0,0,0,
,3,PDL,N1,A,5,,,1,4,5,1,1,0,0,0,0,
,3,PDL,N1,A,6,23,12,3,1,5,1,1,0,0,0,0,
,3,PDL,N1,A,6,,,3,2,5,1,1,1,0,0,0,
,3,PDL,N1,A,6,,,3,3,5,1,1,0,0,0,0,
,3,PDL,N1,A,6,,,1,4,5,1,1,0,0,0,0,
,3,PDL,N1,A,7,17,13,1,1,5,1,1,1,0,0,0,
,3,PDL,N1,A,7,,,1,2,5,1,1,0,0,0,0,
,3,PDL,N1,A,7,,,1,3,5,1,1,0,0,0,0,
,3,PDL,N1,A,7,,,3,4,5,1,1,1,0,0,0,
,3,PDL,N1,A,8,17,11,3,1,5,1,1,0,0,0,0,
,3,PDL,N1,A,8,,,3,2,5,1,1,0,0,0,0,
,3,PDL,N1,A,8,,,3,3,5,1,1,1,0,0,0,
,3,PDL,N1,A,8,,,3,4,5,1,1,0,0,0,0,
,3,PDL,N1,A,9,16,14,3,1,5,1,1,0,0,0,0,
,3,PDL,N1,A,9,,,3,2,5,1,1,1,0,0,0,
,3,PDL,N1,A,9,,,1,3,5,1,1,0,0,0,0,
,3,PDL,N1,A,9,,,1,4,5,1,1,0,0,0,0,
29-Mar-16,3,PDL,N1,B,1,18,9,1,1,5,1,1,1,0,0,0,
,3,PDL,N1,B,1,,,1,2,5,1,2,0,0,0,0,
,3,PDL,N1,B,1,,,1,3,5,1,1,1,0,0,0,
,3,PDL,N1,B,1,,,3,4,5,1,1,0,0,0,0,
,3,PDL,N1,B,2,19,16,1,1,5,1,2,1,0,0,0,
,3,PDL,N1,B,2,,,1,2,5,1,2,0,0,0,0,
,3,PDL,N1,B,2,,,1,3,5,1,1,1,0,0,0,
,3,PDL,N1,B,2,,,3,4,5,1,1,0,0,0,0,
,3,PDL,N1,B,3,16,13,1,1,4,1,2,1,0,0,,
,3,PDL,N1,B,3,,,1,2,4,1,1,0,0,0,,
,3,PDL,N1,B,3,,,3,3,4,1,2,1,0,0,,
,3,PDL,N1,B,3,,,3,4,4,1,1,0,0,0,,
,3,PDL,N1,B,4,16,16,1,1,4,1,2,0,0,0,,
,3,PDL,N1,B,4,,,1,2,4,1,1,1,0,0,,
,3,PDL,N1,B,4,,,1,3,4,1,1,0,0,0,,
,3,PDL,N1,B,4,,,1,4,4,1,1,0,0,0,,
,3,PDL,N1,B,5,16,10,1,1,5,1,2,1,0,0,0,
,3,PDL,N1,B,5,,,3,2,5,1,2,0,0,0,0,
,3,PDL,N1,B,5,,,3,3,5,1,2,1,0,0,0,
,3,PDL,N1,B,5,,,3,4,5,1,1,0,0,0,0,
,3,PDL,N1,B,6,17,15,3,1,5,1,1,0,0,0,0,
,3,PDL,N1,B,6,,,1,2,5,1,1,1,0,0,0,
,3,PDL,N1,B,6,,,1,3,5,1,2,0,0,0,0,
,3,PDL,N1,B,6,,,1,4,5,1,2,1,0,0,0,
,3,PDL,N1,B,7,19,15,3,1,5,1,1,0,0,0,0,
,3,PDL,N1,B,7,,,3,2,5,1,1,1,0,0,0,
,3,PDL,N1,B,7,,,3,3,5,1,2,0,0,0,0,
,3,PDL,N1,B,7,,,1,4,5,1,2,1,0,0,0,
,3,PDL,N1,B,8,17,14,1,1,5,1,1,0,0,0,0,
,3,PDL,N1,B,8,,,3,2,5,1,2,0,0,0,0,
,3,PDL,N1,B,8,,,3,3,5,1,2,1,0,0,0,
,3,PDL,N1,B,8,,,1,4,5,1,1,0,0,0,0,
,3,PDL,N1,B,9,17,16,1,1,5,1,1,1,0,0,0,
,3,PDL,N1,B,9,,,3,2,5,1,2,1,0,0,0,
,3,PDL,N1,B,9,,,1,3,5,1,1,0,0,0,0,
,3,PDL,N1,B,9,,,1,4,5,1,1,1,0,0,0,
29-Mar-16,3,PDL,N2,A,1,17,17,3,1,5,1,3,1,1,0,0,
,3,PDL,N2,A,1,,,3,2,4,2,3,1,1,0,,
,3,PDL,N2,A,1,,,3,3,4,2,2,1,0,0,,
,3,PDL,N2,A,1,,,3,4,5,1,1,0,0,0,0,
,3,PDL,N2,A,2,27,25,3,1,4,2,3,1,0,0,,
,3,PDL,N2,A,2,,,3,2,4,2,2,0,0,0,,
,3,PDL,N2,A,2,,,3,3,4,2,3,1,1,0,,
,3,PDL,N2,A,2,,,3,4,5,1,1,0,0,0,0,
,3,PDL,N2,A,3,20,19,3,1,5,1,1,0,0,0,0,
,3,PDL,N2,A,3,,,3,2,5,1,1,0,0,0,0,
,3,PDL,N2,A,3,,,3,3,4,2,3,2,1,0,,
,3,PDL,N2,A,3,,,3,4,5,1,1,1,0,0,0,
,3,PDL,N2,A,4,25,23,3,1,5,1,1,1,0,0,0,
,3,PDL,N2,A,4,,,3,2,5,1,1,1,0,0,0,
,3,PDL,N2,A,4,,,3,3,5,1,1,1,0,0,0,
,3,PDL,N2,A,4,,,3,4,4,2,3,1,1,0,,
,3,PDL,N2,A,5,18,18,3,1,4,2,3,1,0,0,,
,3,PDL,N2,A,5,,,3,2,4,2,2,1,0,0,,
,3,PDL,N2,A,5,,,3,3,4,2,2,1,0,0,,
,3,PDL,N2,A,5,,,3,4,4,2,1,1,0,0,,
,3,PDL,N2,A,6,28,28,3,1,5,1,1,1,0,0,0,
,3,PDL,N2,A,6,,,3,2,4,2,3,1,1,0,,
,3,PDL,N2,A,6,,,3,3,4,2,2,1,0,0,,
,3,PDL,N2,A,6,,,3,4,4,2,2,1,0,0,,
,3,PDL,N2,A,7,17,17,3,1,4,2,3,1,1,0,,
,3,PDL,N2,A,7,,,3,2,4,2,2,1,0,0,,
,3,PDL,N2,A,7,,,3,3,5,1,1,0,0,0,0,
,3,PDL,N2,A,7,,,3,4,5,1,1,0,0,0,0,
,3,PDL,N2,A,8,25,25,3,1,4,2,3,1,0,0,,
,3,PDL,N2,A,8,,,3,2,4,2,2,1,0,0,,
,3,PDL,N2,A,8,,,3,3,4,2,1,0,0,0,,
,3,PDL,N2,A,8,,,3,4,5,1,1,0,0,0,0,
,3,PDL,N2,A,9,21,20,3,1,4,2,3,1,1,0,,
,3,PDL,N2,A,9,,,3,2,4,2,2,2,0,0,,
,3,PDL,N2,A,9,,,3,3,4,2,3,2,1,0,,
,3,PDL,N2,A,9,,,3,4,4,2,2,1,0,0,,
29-Mar-16,3,PDL,N2,B,1,27,27,3,1,5,1,2,1,0,0,0,
,3,PDL,N2,B,1,,,3,2,5,1,2,1,0,0,0,
,3,PDL,N2,B,1,,,3,3,5,1,2,1,0,0,0,
,3,PDL,N2,B,1,,,3,4,5,1,2,1,0,0,0,
,3,PDL,N2,B,2,19,19,3,1,5,1,1,1,0,0,0,
,3,PDL,N2,B,2,,,3,2,5,1,2,1,0,0,0,
,3,PDL,N2,B,2,,,3,3,5,1,2,0,0,0,0,
,3,PDL,N2,B,2,,,3,4,5,1,2,1,0,0,0,
,3,PDL,N2,B,3,20,18,3,1,5,1,1,0,0,0,0,
,3,PDL,N2,B,3,,,3,2,5,1,1,0,0,0,0,
,3,PDL,N2,B,3,,,3,3,5,1,1,0,0,0,0,
,3,PDL,N2,B,3,,,3,4,5,1,2,1,0,0,0,
,3,PDL,N2,B,4,14,14,3,1,5,1,2,2,0,0,0,
,3,PDL,N2,B,4,,,3,2,5,1,2,1,0,0,0,
,3,PDL,N2,B,4,,,3,3,5,1,2,1,0,0,0,
,3,PDL,N2,B,4,,,3,4,5,1,1,1,0,0,0,
,3,PDL,N2,B,5,22,20,3,1,5,1,1,1,0,0,0,
,3,PDL,N2,B,5,,,3,2,5,1,2,1,0,0,0,
,3,PDL,N2,B,5,,,3,3,5,1,2,1,0,0,0,
,3,PDL,N2,B,5,,,3,4,5,1,2,1,0,0,0,
,3,PDL,N2,B,6,15,15,3,1,5,1,2,0,0,0,0,
,3,PDL,N2,B,6,,,3,2,5,1,1,0,0,0,0,
,3,PDL,N2,B,6,,,3,3,5,1,1,0,0,0,0,
,3,PDL,N2,B,6,,,3,4,5,1,2,1,0,0,0,
,3,PDL,N2,B,7,18,18,3,1,5,1,2,1,0,0,0,
,3,PDL,N2,B,7,,,3,2,4,2,2,1,0,0,,
,3,PDL,N2,B,7,,,3,3,5,1,2,0,0,0,0,
,3,PDL,N2,B,7,,,3,4,5,1,2,1,0,0,0,
,3,PDL,N2,B,8,21,21,3,1,4,2,2,1,0,0,,
,3,PDL,N2,B,8,,,3,2,4,2,2,0,0,0,,
,3,PDL,N2,B,8,,,3,3,5,1,2,1,0,0,0,
,3,PDL,N2,B,8,,,3,4,5,1,2,1,0,0,0,
,3,PDL,N2,B,9,24,24,3,1,5,1,2,1,0,0,0,
,3,PDL,N2,B,9,,,3,2,4,2,2,1,0,0,,
,3,PDL,N2,B,9,,,3,3,4,2,2,1,0,0,,
,3,PDL,N2,B,9,,,3,4,4,2,2,1,0,0,,
29-Mar-16,4,AWD,N1, A,1,10,7,3,1,4,1,1,0,0,0,,
,4,AWD,N1, A,1,,,3,2,4,1,1,0,0,0,,
,4,AWD,N1, A,1,,,1,3,5,0,0,0,0,0,0,
,4,AWD,N1, A,1,,,1,4,5,0,0,0,0,0,0,
,4,AWD,N1, A,2,26,20,1,1,5,0,0,1,0,0,0,
,4,AWD,N1, A,2,,,1,2,5,0,0,1,1,0,0,
,4,AWD,N1, A,2,,,1,3,5,0,0,1,1,0,0,
,4,AWD,N1, A,2,,,1,4,4,1,1,0,0,0,,
,4,AWD,N1, A,3,21,17,1,1,5,0,0,1,0,0,0,
,4,AWD,N1, A,3,,,3,2,4,1,2,1,0,0,,
,4,AWD,N1, A,3,,,1,3,4,1,1,0,0,0,,
,4,AWD,N1, A,3,,,1,4,5,0,0,0,1,0,0,
,4,AWD,N1, A,4,23,17,1,1,5,0,0,0,0,0,0,
,4,AWD,N1, A,4,,,3,2,4,1,0,1,0,0,,
,4,AWD,N1, A,4,,,1,3,5,0,0,0,0,0,0,
,4,AWD,N1, A,4,,,1,4,5,0,0,1,1,0,0,
,4,AWD,N1, A,5,17,11,1,1,4,1,0,1,0,0,,
,4,AWD,N1, A,5,,,1,2,5,0,0,1,0,0,0,
,4,AWD,N1, A,5,,,1,3,5,0,0,1,0,0,0,
,4,AWD,N1, A,5,,,3,4,4,1,2,1,0,0,,
,4,AWD,N1, A,6,18,11,1,1,5,0,0,0,0,0,0,
,4,AWD,N1, A,6,,,3,2,4,1,1,1,0,0,,
,4,AWD,N1, A,6,,,1,3,4,1,1,1,0,0,,
,4,AWD,N1, A,6,,,1,4,4,1,1,0,0,0,,
,4,AWD,N1, A,7,24,17,1,1,4,1,1,0,0,0,,
,4,AWD,N1, A,7,,,3,2,4,1,2,1,0,0,,
,4,AWD,N1, A,7,,,1,3,5,0,1,1,0,0,0,
,4,AWD,N1, A,7,,,1,4,4,1,1,1,0,0,,
,4,AWD,N1, A,8,10,10,3,1,4,1,1,1,0,0,,
,4,AWD,N1, A,8,,,3,2,4,1,1,1,1,0,,
,4,AWD,N1, A,8,,,1,3,4,1,2,1,0,0,,
,4,AWD,N1, A,8,,,1,4,5,0,0,0,0,0,0,
,4,AWD,N1, A,9,20,15,1,1,5,0,0,1,1,0,0,
,4,AWD,N1, A,9,,,1,2,4,0,0,1,0,0,,
,4,AWD,N1, A,9,,,1,3,5,0,0,0,0,0,0,
,4,AWD,N1, A,9,,,1,4,4,1,0,1,1,0,,
29-Mar-16,4,AWD,N1, B,1,19,14,3,1,5,,0,0,0,0,0,
,4,AWD,N1, B,1,,,1,2,5,,0,1,1,0,0,
,4,AWD,N1, B,1,,,1,3,4,1,1,0,0,0,,
,4,AWD,N1, B,1,,,1,4,5,,0,0,0,0,0,
,4,AWD,N1, B,2,18,11,1,1,5,,0,1,0,0,0,
,4,AWD,N1, B,2,,,3,2,4,1,2,1,1,0,,
,4,AWD,N1, B,2,,,1,3,4,1,2,1,1,0,,
,4,AWD,N1, B,2,,,1,4,5,,0,0,0,0,0,
,4,AWD,N1, B,3,19,19,1,1,5,,0,1,0,0,0,
,4,AWD,N1, B,3,,,1,2,4,1,2,1,0,0,,
,4,AWD,N1, B,3,,,1,3,5,,0,0,0,0,0,
,4,AWD,N1, B,3,,,1,4,5,,0,1,1,0,0,
,4,AWD,N1, B,4,24,16,3,1,4,1,1,1,0,0,,
,4,AWD,N1, B,4,,,3,2,4,1,1,1,1,0,,
,4,AWD,N1, B,4,,,1,3,5,,0,1,0,0,0,
,4,AWD,N1, B,4,,,1,4,4,1,1,0,0,0,,
,4,AWD,N1, B,5,17,17,1,1,5,,0,0,1,0,0,
,4,AWD,N1, B,5,,,1,2,4,1,1,1,0,0,,
,4,AWD,N1, B,5,,,1,3,5,,0,1,0,0,0,
,4,AWD,N1, B,5,,,1,4,4,1,1,1,0,0,,
,4,AWD,N1, B,6,20,20,3,1,4,1,2,0,0,0,,
,4,AWD,N1, B,6,,,1,2,5,,0,1,0,0,0,
,4,AWD,N1, B,6,,,3,3,4,1,1,0,0,0,,
,4,AWD,N1, B,6,,,3,4,5,,0,1,0,0,0,
,4,AWD,N1, B,7,25,19,1,1,5,,0,0,0,0,0,
,4,AWD,N1, B,7,,,1,2,5,,0,1,0,0,0,
,4,AWD,N1, B,7,,,1,3,4,,0,0,1,0,,
,4,AWD,N1, B,7,,,1,4,4,1,1,0,1,0,,
,4,AWD,N1, B,8,22,21,3,1,5,,0,1,0,0,0,
,4,AWD,N1, B,8,,,1,2,4,1,1,1,0,0,,
,4,AWD,N1, B,8,,,1,3,4,1,1,0,1,0,,
,4,AWD,N1, B,8,,,3,4,4,1,1,0,0,0,,
,4,AWD,N1, B,9,19,19,1,1,4,1,0,1,0,0,,
,4,AWD,N1, B,9,,,1,2,5,,0,1,1,0,0,
,4,AWD,N1, B,9,,,3,3,4,1,1,0,0,0,,
,4,AWD,N1, B,9,,,1,4,5,,0,1,0,0,0,
29-Mar-16,4,AWD,N2,A,1,19,14,1,1,5,,0,0,0,0,0,
,4,AWD,N2,A,1,,,1,2,4,1,0,1,0,0,,
,4,AWD,N2,A,1,,,1,3,5,,0,1,0,0,0,
,4,AWD,N2,A,1,,,1,4,4,1,1,0,0,0,,
,4,AWD,N2,A,2,24,11,1,1,4,1,1,0,0,0,,
,4,AWD,N2,A,2,,,3,2,4,1,1,0,0,0,,
,4,AWD,N2,A,2,,,1,3,5,,0,1,1,0,0,
,4,AWD,N2,A,2,,,1,4,4,1,2,1,1,0,,
,4,AWD,N2,A,3,20,17,1,1,4,1,1,0,0,0,,
,4,AWD,N2,A,3,,,1,2,4,1,1,1,0,0,,
,4,AWD,N2,A,3,,,3,3,4,1,1,1,0,0,,
,4,AWD,N2,A,3,,,1,4,4,1,2,0,0,0,,
,4,AWD,N2,A,4,28,16,1,1,4,1,1,0,0,0,,
,4,AWD,N2,A,4,,,1,2,4,1,1,0,0,0,,
,4,AWD,N2,A,4,,,1,3,5,,0,0,0,0,0,
,4,AWD,N2,A,4,,,1,4,5,,0,0,0,0,0,
,4,AWD,N2,A,5,27,20,1,1,4,1,2,0,0,0,,
,4,AWD,N2,A,5,,,3,2,4,1,1,0,0,0,,
,4,AWD,N2,A,5,,,1,3,4,1,1,1,0,0,,
,4,AWD,N2,A,5,,,1,4,4,1,1,1,0,0,,
,4,AWD,N2,A,6,26,19,1,1,5,,0,0,0,0,0,
,4,AWD,N2,A,6,,,1,2,4,1,1,0,0,0,,
,4,AWD,N2,A,6,,,1,3,5,4,0,0,0,0,0,
,4,AWD,N2,A,6,,,3,4,4,1,2,1,0,0,,
,4,AWD,N2,A,7,23,18,1,1,5,,0,0,0,0,0,
,4,AWD,N2,A,7,,,1,2,4,1,1,1,0,0,,
,4,AWD,N2,A,7,,,1,3,4,1,1,1,0,0,,
,4,AWD,N2,A,7,,,1,4,4,1,0,1,1,0,,
,4,AWD,N2,A,8,20,15,1,1,4,1,1,0,0,0,,
,4,AWD,N2,A,8,,,1,2,5,,0,1,0,0,0,
,4,AWD,N2,A,8,,,1,3,5,,0,1,0,0,0,
,4,AWD,N2,A,8,,,1,4,4,1,1,2,0,0,,
,4,AWD,N2,A,9,17,15,3,1,4,1,2,1,0,0,,
,4,AWD,N2,A,9,,,1,2,4,1,2,1,0,0,,
,4,AWD,N2,A,9,,,3,3,4,1,1,0,1,0,,
,4,AWD,N2,A,9,,,3,4,4,1,1,1,0,0,,
29-Mar-16,4,AWD,N2,B,1,19,19,1,1,5,,0,1,1,0,0,
,4,AWD,N2,B,1,,,3,2,5,,0,1,0,0,0,
,4,AWD,N2,B,1,,,1,3,5,,0,1,1,0,0,
,4,AWD,N2,B,1,,,1,4,5,,0,1,1,0,0,
,4,AWD,N2,B,2,28,28,3,1,4,1,0,2,1,0,,
,4,AWD,N2,B,2,,,3,2,4,1,0,1,1,0,,
,4,AWD,N2,B,2,,,3,3,4,1,0,1,0,0,,
,4,AWD,N2,B,2,,,1,4,4,1,1,1,0,0,,
,4,AWD,N2,B,3,20,16,1,1,4,1,0,0,1,0,,
,4,AWD,N2,B,3,,,3,2,4,1,0,2,1,0,,
,4,AWD,N2,B,3,,,1,3,5,,0,1,0,0,0,
,4,AWD,N2,B,3,,,3,4,4,1,1,1,0,0,,
,4,AWD,N2,B,4,26,20,1,1,5,,0,0,1,0,0,
,4,AWD,N2,B,4,,,1,2,5,,0,0,1,0,0,
,4,AWD,N2,B,4,,,1,3,4,,0,0,1,0,,
,4,AWD,N2,B,4,,,1,4,5,,0,0,0,0,0,
,4,AWD,N2,B,5,15,15,1,1,4,1,0,0,1,0,,
,4,AWD,N2,B,5,,,3,2,4,1,0,1,1,0,,
,4,AWD,N2,B,5,,,3,3,5,,0,1,1,0,0,
,4,AWD,N2,B,5,,,1,4,5,,0,1,0,0,0,
,4,AWD,N2,B,6,26,24,3,1,4,1,0,1,1,0,,
,4,AWD,N2,B,6,,,3,2,5,1,0,1,0,0,1,
,4,AWD,N2,B,6,,,1,3,5,,0,0,0,0,0,
,4,AWD,N2,B,6,,,1,4,5,,0,0,0,0,0,
,4,AWD,N2,B,7,25,21,1,1,4,1,0,1,0,0,,
,4,AWD,N2,B,7,,,1,2,5,,0,1,0,0,0,
,4,AWD,N2,B,7,,,1,3,5,,0,0,0,0,0,
,4,AWD,N2,B,7,,,1,4,5,,0,0,0,0,,
,4,AWD,N2,B,8,21,19,1,1,4,1,1,0,0,0,,
,4,AWD,N2,B,8,,,3,2,4,1,1,1,0,0,,
,4,AWD,N2,B,8,,,1,3,4,1,1,0,0,0,,
,4,AWD,N2,B,8,,,3,4,5,,0,1,0,0,0,
,4,AWD,N2,B,9,18,15,3,1,5,,0,0,0,0,0,
,4,AWD,N2,B,9,,,3,2,4,1,1,1,0,0,,
,4,AWD,N2,B,9,,,1,3,5,,0,1,0,0,0,
,4,AWD,N2,B,9,,,1,4,4,1,0,2,0,0,,
29-Mar-16,4,PDL,N1,A,1,23,21,3,1,5,1,0,0,0,0,0,
,4,PDL,N1,A,1,,,3,2,5,1,0,0,0,0,0,
,4,PDL,N1,A,1,,,3,3,5,1,0,0,0,0,0,
,4,PDL,N1,A,1,,,1,4,5,,0,0,0,0,0,
,4,PDL,N1,A,2,22,22,0,1,5,1,3,3,0,1,0,
,4,PDL,N1,A,2,,,3,2,5,,0,0,0,0,0,
,4,PDL,N1,A,2,,,1,3,4,1,1,0,0,1,,
,4,PDL,N1,A,2,,,1,4,5,,1,0,0,0,0,
,4,PDL,N1,A,3,20,10,1,1,5,1,0,1,0,0,0,
,4,PDL,N1,A,3,,,3,2,5,1,1,0,0,0,0,
,4,PDL,N1,A,3,,,3,3,5,,0,1,0,0,0,
,4,PDL,N1,A,3,,,1,4,5,1,0,0,0,0,0,
,4,PDL,N1,A,4,17,9,3,1,5,1,1,0,0,1,0,
,4,PDL,N1,A,4,,,1,2,5,1,0,0,0,0,0,
,4,PDL,N1,A,4,,,3,3,5,,0,0,0,0,0,
,4,PDL,N1,A,4,,,1,4,5,,0,0,0,0,0,
,4,PDL,N1,A,5,22,18,3,1,5,,1,1,0,0,0,
,4,PDL,N1,A,5,,,3,2,5,1,0,0,0,0,0,
,4,PDL,N1,A,5,,,1,3,5,1,1,1,0,0,0,
,4,PDL,N1,A,5,,,3,4,5,1,0,0,0,0,0,
,4,PDL,N1,A,6,20,11,3,1,5,1,1,1,0,1,1,
,4,PDL,N1,A,6,,,3,2,5,1,0,0,0,0,0,
,4,PDL,N1,A,6,,,1,3,5,,0,0,0,0,0,
,4,PDL,N1,A,6,,,3,4,5,2,1,1,1,0,0,
,4,PDL,N1,A,7,26,13,3,1,5,1,0,0,0,0,0,
,4,PDL,N1,A,7,,,1,2,5,1,1,0,0,0,0,
,4,PDL,N1,A,7,,,3,3,5,,1,0,0,0,0,
,4,PDL,N1,A,7,,,3,4,4,1,1,0,0,0,,
,4,PDL,N1,A,8,26,13,1,1,5,,0,0,0,0,0,
,4,PDL,N1,A,8,,,1,2,5,1,1,1,1,0,0,
,4,PDL,N1,A,8,,,3,3,5,1,0,0,0,0,0,
,4,PDL,N1,A,8,,,3,4,5,,0,0,0,0,0,
,4,PDL,N1,A,9,22,9,3,1,5,1,0,0,0,0,0,
,4,PDL,N1,A,9,,,1,2,5,1,1,1,0,1,0,
,4,PDL,N1,A,9,,,3,3,5,,0,0,0,0,0,
,4,PDL,N1,A,9,,,3,4,5,,1,0,0,0,0,
29-Mar-16,4,PDL,N1,B,1,21,16,3,1,3,1,0,0,0,,,
,4,PDL,N1,B,1,,,3,2,3,1,0,1,0,,,
,4,PDL,N1,B,1,,,3,3,4,2,0,0,0,0,,
,4,PDL,N1,B,1,,,1,4,3,1,0,0,0,,,
,4,PDL,N1,B,2,20,18,1,1,3,1,0,0,0,,,
,4,PDL,N1,B,2,,,1,2,3,1,0,0,0,,,
,4,PDL,N1,B,2,,,3,3,3,1,1,0,0,,,
,4,PDL,N1,B,2,,,1,4,4,2,0,0,0,0,,
,4,PDL,N1,B,3,29,23,1,1,3,2,0,0,0,,,
,4,PDL,N1,B,3,,,1,2,3,2,0,0,0,,,
,4,PDL,N1,B,3,,,3,3,4,1,0,1,0,0,,
,4,PDL,N1,B,3,,,3,4,4,1,0,0,0,0,,
,4,PDL,N1,B,4,27,23,3,1,4,2,0,0,0,0,,
,4,PDL,N1,B,4,,,3,2,4,1,1,0,0,0,,
,4,PDL,N1,B,4,,,1,3,4,2,0,0,0,0,,
,4,PDL,N1,B,4,,,1,4,3,2,0,0,0,,,
,4,PDL,N1,B,5,22,17,2,1,3,1,0,0,0,,,
,4,PDL,N1,B,5,,,1,2,4,1,0,0,1,0,,
,4,PDL,N1,B,5,,,1,3,3,1,0,1,0,,,
,4,PDL,N1,B,5,,,3,4,3,1,0,0,0,,,
,4,PDL,N1,B,6,22,15,2,1,4,2,1,1,0,0,,
,4,PDL,N1,B,6,,,2,2,4,2,0,0,0,0,,
,4,PDL,N1,B,6,,,1,3,4,1,0,0,0,0,,
,4,PDL,N1,B,6,,,2,4,3,2,0,0,0,,,
,4,PDL,N1,B,7,20,15,1,3,3,2,0,0,0,,,
,4,PDL,N1,B,7,,,1,2,3,2,0,1,0,,,
,4,PDL,N1,B,7,,,1,3,4,2,0,0,0,0,,
,4,PDL,N1,B,7,,,2,4,3,2,0,0,0,,,
,4,PDL,N1,B,8,16,16,3,1,3,1,0,1,0,,,
,4,PDL,N1,B,8,,,3,2,3,1,0,0,0,,,
,4,PDL,N1,B,8,,,1,3,3,1,0,1,0,,,
,4,PDL,N1,B,8,,,2,4,3,1,0,0,0,,,
,4,PDL,N1,B,9,17,11,3,1,3,2,0,0,0,,,
,4,PDL,N1,B,9,,,1,2,3,2,0,0,0,,,
,4,PDL,N1,B,9,,,1,3,3,2,0,0,0,,,
,4,PDL,N1,B,9,,,1,4,3,1,0,0,0,,,
29-Mar-16,4,PDL,N2,A,1,25,25,3,1,5,1,1,0,0,0,0,
,4,PDL,N2,A,1,,,3,2,3,2,0,2,0,,,
,4,PDL,N2,A,1,,,3,3,4,,1,2,0,0,,
,4,PDL,N2,A,1,,,3,4,5,1,0,0,0,0,0,
,4,PDL,N2,A,2,30,30,4,1,5,,0,0,0,0,0,
,4,PDL,N2,A,2,,,4,2,5,,0,0,0,0,0,
,4,PDL,N2,A,2,,,4,3,5,,0,0,0,0,0,
,4,PDL,N2,A,2,,,4,4,5,,0,0,0,0,0,
,4,PDL,N2,A,3,20,13,3,1,5,,0,0,0,0,0,
,4,PDL,N2,A,3,,,1,2,5,,0,1,0,0,0,
,4,PDL,N2,A,3,,,1,3,5,,0,0,0,0,0,
,4,PDL,N2,A,3,,,1,4,5,,0,0,0,0,0,
,4,PDL,N2,A,4,28,28,1,1,4,1,0,1,0,0,,
,4,PDL,N2,A,4,,,1,2,5,,0,0,0,0,0,
,4,PDL,N2,A,4,,,1,3,5,,0,0,0,0,0,
,4,PDL,N2,A,4,,,1,4,5,,0,0,0,0,0,
,4,PDL,N2,A,5,19,19,3,1,5,,0,0,0,0,0,
,4,PDL,N2,A,5,,,1,2,5,,0,0,0,0,0,
,4,PDL,N2,A,5,,,1,3,5,,0,0,0,0,0,
,4,PDL,N2,A,5,,,3,4,5,,0,0,0,0,0,
,4,PDL,N2,A,6,20,20,3,1,5,,1,1,1,1,1,
,4,PDL,N2,A,6,,,3,2,5,,1,0,0,1,0,
,4,PDL,N2,A,6,,,3,3,5,,1,1,1,0,0,
,4,PDL,N2,A,6,,,3,4,5,,1,2,1,0,0,
,4,PDL,N2,A,7,25,25,3,1,3,2,1,3,0,,,
,4,PDL,N2,A,7,,,3,2,5,,1,1,0,0,0,
,4,PDL,N2,A,7,,,1,3,5,,0,0,0,0,0,
,4,PDL,N2,A,7,,,3,4,5,,4,0,0,0,0,
,4,PDL,N2,A,8,25,25,3,1,5,,3,0,0,0,0,
,4,PDL,N2,A,8,,,3,2,5,1,0,0,0,0,0,
,4,PDL,N2,A,8,,,3,3,5,,1,0,0,0,0,
,4,PDL,N2,A,8,,,3,4,5,,1,0,0,0,0,
,4,PDL,N2,A,9,25,25,3,1,5,,0,1,1,1,0,
,4,PDL,N2,A,9,,,3,2,5,,0,0,0,0,0,
,4,PDL,N2,A,9,,,3,3,5,,1,0,0,0,0,
,4,PDL,N2,A,9,,,3,4,5,,0,1,0,0,0,
29-Mar-16,4,PDL,N2,B,1,23,19,1,1,5,,0,0,0,0,0,
,4,PDL,N2,B,1,,,1,2,5,1,0,0,0,0,0,
,4,PDL,N2,B,1,,,1,3,5,,0,0,0,0,0,
,4,PDL,N2,B,1,,,3,4,5,1,0,0,0,0,0,
,4,PDL,N2,B,2,21,14,1,1,5,,1,1,0,0,0,
,4,PDL,N2,B,2,,,1,2,5,,1,1,0,0,0,
,4,PDL,N2,B,2,,,1,3,5,1,0,0,0,0,0,
,4,PDL,N2,B,2,,,3,4,5,,0,0,0,0,0,
,4,PDL,N2,B,3,27,20,3,1,5,,0,0,0,0,0,
,4,PDL,N2,B,3,,,1,2,5,,0,0,0,0,0,
,4,PDL,N2,B,3,,,1,3,5,1,0,0,0,0,0,
,4,PDL,N2,B,3,,,1,4,5,,0,0,0,0,0,
,4,PDL,N2,B,4,25,17,3,1,5,,0,0,0,0,0,
,4,PDL,N2,B,4,,,1,2,5,,0,0,0,0,0,
,4,PDL,N2,B,4,,,1,3,5,1,0,1,0,0,0,
,4,PDL,N2,B,4,,,1,4,5,,3,0,0,0,0,
,4,PDL,N2,B,5,29,24,1,1,5,1,0,0,0,0,0,
,4,PDL,N2,B,5,,,1,2,5,1,0,0,0,0,0,
,4,PDL,N2,B,5,,,3,3,5,,0,0,0,0,0,
,4,PDL,N2,B,5,,,3,4,5,1,0,0,0,0,0,
,4,PDL,N2,B,6,23,19,1,1,5,1,0,0,0,0,0,
,4,PDL,N2,B,6,,,3,2,5,1,0,0,0,0,0,
,4,PDL,N2,B,6,,,3,3,5,1,0,0,0,0,0,
,4,PDL,N2,B,6,,,1,4,5,1,0,0,0,0,0,
,4,PDL,N2,B,7,25,25,1,1,5,,0,0,0,0,0,
,4,PDL,N2,B,7,,,3,2,5,1,0,0,0,0,0,
,4,PDL,N2,B,7,,,3,3,5,1,0,0,0,0,0,
,4,PDL,N2,B,7,,,1,4,5,1,0,0,0,0,0,
,4,PDL,N2,B,8,18,16,3,1,5,,0,1,0,0,0,
,4,PDL,N2,B,8,,,1,2,5,,0,0,0,0,0,
,4,PDL,N2,B,8,,,3,3,5,,0,0,0,0,0,
,4,PDL,N2,B,8,,,3,4,5,,1,0,0,0,0,
,4,PDL,N2,B,9,29,29,3,1,5,1,0,0,0,0,0,
,4,PDL,N2,B,9,,,1,2,5,1,0,0,0,0,0,
,4,PDL,N2,B,9,,,3,3,5,,0,0,0,0,0,
,4,PDL,N2,B,9,,,3,4,5,1,0,0,0,0,0,
