TRT,REP,WMGT,SMPL,NRTE,HILL,HGHT,NTIL,NTShB,TIL1,SHB1,GL1,DL1,SLA1,SLB1,SLC1,SLD1,SLE1,SLF1,TIL2,SHB2,GL2,DL2,SLA2,SLB2,SLC2,SLD2,SLE2,SLF2,TIL3,SHB3,GL3,DL3,SLA3,SLB3,SLC3,SLD3,SLE3,SLF3,TIL4,SHB4,GL4,DL4,SLA4,SLB4,SLC4,SLD4,SLE4,SLF4
T1,1,PDL,A,N0,1,67.2,19,1,1,,4,0,,,,,,,2,,4,0,,,,,,,3,,4,0,,,,,,,4,1,4,0,,,,,,
T1,1,PDL,A,N0,2,60,18,2,1,,4,0,,,1,,,,2,,5,0,,,,,,,3,,5,0,,,,,,,4,,4,0,,,,,,
T1,1,PDL,A,N0,3,60.1,12,0,1,,5,0,,,,,,,2,,4,0,,,,,,,3,,5,0,,,,,,,4,,4,0,,,,,,
T1,1,PDL,A,N0,4,62,16,1,1,,5,0,,,,,,,2,2,5,0,,,,,,,3,,4,0,,,,,,,4,,5,0,,,,,,
T1,1,PDL,A,N0,5,55.5,8,0,1,,5,0,,,,,,,2,,5,0,,,,,,,3,,4,0,,,,,,,4,,5,0,,,,,,
T1,1,PDL,A,N0,6,64.5,16,4,1,,5,0,,,2,,,,2,2,5,0,,,,,,,3,2,5,0,,,,,,,4,,5,0,,,,,,
T1,1,PDL,A,N0,7,55,13,1,1,,4,0,,,,,,,2,,5,0,,,,,,,3,,4,0,,,,,,,4,2,5,0,,,,,,
T1,1,PDL,A,N0,8,64,16,1,1,,4,0,,,,,,,2,,5,0,,,,,,,3,,5,0,,,,,,,4,1,5,0,,,,,,
T1,1,PDL,A,N0,9,63.2,13,1,1,,4,0,,,,,,,2,,4,0,,,,,,,3,,5,0,,,,,,,4,1,4,0,,,,,,
T1,1,PDL,B,N0,1,59.5,19,1,1,,5,0,,,,,,,2,,5,0,,,,,1,,3,,5,0,,,,,,,4,3,5,0,,,,,,
T1,1,PDL,B,N0,2,58.5,16,1,1,,4,0,,,,,,,2,,5,0,,,,,,,3,,5,0,,,,,,,4,1,5,0,,,,,,
T1,1,PDL,B,N0,3,64.5,28,5,1,,5,0,,,,,,,2,3,5,0,,,,,,,3,2,5,0,,,,,,,4,2,5,0,,,2,,,
T1,1,PDL,B,N0,4,58,16,1,1,,5,0,,,,,,,2,,5,0,,,,,,,3,,5,0,,,,,,,4,1,5,0,,,,,,
T1,1,PDL,B,N0,5,57,15,0,1,,5,0,,,,,,,2,,5,0,,,,,,,3,,5,0,,,,,,,4,,5,0,,,,,,
T1,1,PDL,B,N0,6,59.2,16,1,1,,5,0,,,,,,,2,,4,0,,,,,,,3,,5,0,,,,,,,4,1,5,0,,,,,,
T1,1,PDL,B,N0,7,60.5,16,0,1,,5,0,,,,,,,2,,5,0,,,,,,,3,,5,0,,,,,,,4,,5,0,,,,,,
T1,1,PDL,B,N0,8,63.5,16,1,1,,5,0,,,,,,,2,,5,0,,,,,,,3,,5,0,,,,,,,4,1,5,0,,,,,,
T1,1,PDL,B,N0,9,64.2,20,0,1,,5,0,,,,,,,2,,5,0,,,,,,,3,,4,0,,,,,,,4,,5,0,,,,,,
T1,2,PDL,A,N0,1,68.2,12,0,1,,5,0,,,,,,,2,,5,0,,,,,,,3,,5,0,,,,,,,4,,5,0,,,,,,
T1,2,PDL,A,N0,2,62.5,13,0,1,,5,0,,,,,,,2,,5,0,,,,,,,3,,5,0,,,,,,,4,,5,0,,,,,,
T1,2,PDL,A,N0,3,61,14,0,1,,5,0,,,,,,,2,,5,0,,,,,,,3,,5,0,,,,,,,4,,5,0,,,,,,
T1,2,PDL,A,N0,4,74,13,0,1,,5,0,,,,,,,2,,5,0,,,,,,,3,,5,0,,,,,,,4,,5,0,,,,,,
T1,2,PDL,A,N0,5,64,17,0,1,,5,0,,,,,,,2,,5,0,,,,,,,3,,5,0,,,,,,,4,,5,0,,,,,,
T1,2,PDL,A,N0,6,68.5,11,0,1,,5,0,,,,,,,2,,5,0,,,,,,,3,,5,0,,,,,,,4,,5,0,,,,,,
T1,2,PDL,A,N0,7,61.2,11,0,1,,5,0,,,,,,,2,,5,0,,,,,,,3,,5,0,,,,,,,4,,5,0,,,,,,
T1,2,PDL,A,N0,8,67,14,0,1,,5,0,,,,,,,2,,5,0,,,,,,,3,,5,0,,,,,,,4,,5,0,,,,,,
T1,2,PDL,A,N0,9,74.5,14,0,1,,5,0,,,,,,,2,,5,0,,,,,,,3,,5,0,,,,,,,4,,5,0,,,,,,
T1,2,PDL,B,N0,1,69.5,18,0,1,,5,0,,,,,,,2,,5,0,,,,,,,3,,5,0,,,,,,,4,,5,0,,,,,,
T1,2,PDL,B,N0,2,66.3,20,0,1,,5,0,,,,,,,2,,5,0,,,,,,,3,,5,0,,,,,,,4,,5,0,,,,,,
T1,2,PDL,B,N0,3,66,15,1,1,,5,0,,,,1,,,2,,5,0,,,,,,,3,,5,0,,,,,,,4,,5,0,,,,,,
T1,2,PDL,B,N0,4,68,17,0,1,,5,0,,,,,,,2,,5,0,,,,,,,3,,5,0,,,,,,,4,,5,0,,,,,,
T1,2,PDL,B,N0,5,60,15,0,1,,5,0,,,,,,,2,,5,0,,,,,,,3,,5,0,,,,,,,4,,5,0,,,,,,
T1,2,PDL,B,N0,6,67.5,17,1,1,,5,0,,,,1,,,2,,5,0,,,,,,,3,,5,0,,,,,,,4,,5,0,,,,,,
T1,2,PDL,B,N0,7,61,14,2,1,,5,0,,,,1,,,2,,5,0,,,,,,,3,,5,0,,,,,,,4,,5,0,,,,,,
T1,2,PDL,B,N0,8,66.3,15,0,1,,5,0,,,,,,,2,,5,0,,,,,,,3,,5,0,,,,,,,4,,5,0,,,,,,
T1,2,PDL,B,N0,9,64.5,20,0,1,,5,0,,,,,,,2,,5,0,,,,,,,3,,5,0,,,,,,,4,,5,0,,,,,,
T1,3,PDL,A,N0,1,54,10,0,1,,6,0,,,,,,,2,,5,0,,,,,,,3,,5,0,,,,,,,4,,5,0,,,,,,
T1,3,PDL,A,N0,2,63,9,0,1,,6,0,,,,,,,2,,5,0,,,,,,,3,,5,0,,,,,,,4,,5,0,,,,,,
T1,3,PDL,A,N0,3,56,10,0,1,,5,0,,,,,,,2,,5,0,,,,,,,3,,5,0,,,,,,,4,,5,0,,,,,,
T1,3,PDL,A,N0,4,53,10,0,1,,5,0,,,,,,,2,,5,0,,,,,,,3,,5,0,,,,,,,4,,5,1,,,,,,
T1,3,PDL,A,N0,5,61,15,1,1,1,4,2,,,,,,,2,,5,0,,,,,,,3,,5,0,,,,,,,4,,5,0,,,,,,
T1,3,PDL,A,N0,6,57,20,0,1,,5,0,,,,,,,2,,5,0,,,,,,,3,,5,0,,,,,,,4,,5,0,,,,,,
T1,3,PDL,A,N0,7,63,18,0,1,,5,0,,,,,,,2,,5,0,,,,,,,3,,6,0,,,,,,,4,,5,0,,,,,,
T1,3,PDL,A,N0,8,61,11,0,1,,5,0,,,,,,,2,,4,0,,,,,,,3,,5,0,,,,,,,4,,5,0,,,,,,
T1,3,PDL,A,N0,9,69.5,16,0,1,,5,0,,,,,,,2,,5,0,,,,,,,3,,6,0,,,,,,,4,,5,0,,,,,,
T1,3,PDL,B,N0,1,60,15,0,1,,5,0,,,,,,,2,,5,0,,,,,,,3,,5,0,,,,,,,4,,5,0,,,,,,
T1,3,PDL,B,N0,2,68,20,0,1,,5,0,,,,,,,2,,6,0,,,,,,,3,,6,0,,,,,,,4,,6,0,,,,,,
T1,3,PDL,B,N0,3,67,10,0,1,,5,0,,,,,,,2,,6,0,,,,,,,3,,5,0,,,,,,,4,,6,0,,,,,,
T1,3,PDL,B,N0,4,62.5,19,0,1,,6,0,,,,,,,2,,5,0,,,,,,,3,,5,0,,,,,,,4,,5,0,,,,,,
T1,3,PDL,B,N0,5,58,15,0,1,,5,1,,,,,,,2,,5,2,,,,,,,3,,5,0,,,,,,,4,,5,0,,,,,,
T1,3,PDL,B,N0,6,56,21,0,1,,5,0,,,,,,,2,,5,0,,,,,,,3,,4,2,,,,,,,4,,5,0,,,,,,
T1,3,PDL,B,N0,7,59,18,0,1,,5,0,,,,,,,2,,6,0,,,,,,,3,,5,0,,,,,,,4,,5,0,,,,,,
T1,3,PDL,B,N0,8,62,11,0,1,,6,0,,,,,,,2,,5,0,,,,,,,3,,5,0,,,,,,,4,,6,0,,,,,,
T1,3,PDL,B,N0,9,62,13,0,1,,5,0,,,,,,,2,,5,0,,,,,,,3,,5,0,,,,,,,4,,6,0,,,,,,
T1,4,PDL,A,N0,1,76.8,19,0,1,,5,0,,,,,,,2,,6,0,,,,,,,3,,5,0,,,,,,,4,,5,0,,,,,,
T1,4,PDL,A,N0,2,62,5,0,1,,5,0,,,,,,,2,,6,0,,,,,,,3,,5,0,,,,,,,4,,5,0,,,,,,
T1,4,PDL,A,N0,3,73.5,20,8,1,1,5,0,,,,,1,,2,1,6,0,,,,1,1,,3,,6,0,,,,,,,4,,6,0,,,,,,
T1,4,PDL,A,N0,4,76,24,2,1,,6,0,,,,1,,,2,,6,0,,,,,,,3,,5,0,,,,,,,4,,6,0,,,,,,
T1,4,PDL,A,N0,5,77.6,20,0,1,,6,0,,,,,,,2,,5,0,,,,,,,3,,6,0,,,,,,,4,,6,0,,,,,,
T1,4,PDL,A,N0,6,73,21,0,1,,6,0,,,,,,,2,,5,0,,,,,,,3,,6,0,,,,,,,4,,6,0,,,,,,
T1,4,PDL,A,N0,7,72,17,0,1,,5,0,,,,,,,2,,6,0,,,,,,,3,,6,0,,,,,,,4,,6,0,,,,,,
T1,4,PDL,A,N0,8,70.6,17,0,1,,6,0,,,,,,,2,,6,0,,,,,,,3,,6,0,,,,,,,4,,6,0,,,,,,
T1,4,PDL,A,N0,9,68.4,12,0,1,,6,0,,,,,,,2,,5,0,,,,,,,3,,6,0,,,,,,,4,,6,0,,,,,,
T1,4,PDL,B,N0,1,66,14,3,1,1,5,0,,,,1,,,2,,6,0,,,,,,,3,,6,0,,,,,,,4,,5,0,,,,,,
T1,4,PDL,B,N0,2,67.8,21,6,1,2,5,0,,,,,1,,2,1,6,0,,,,1,1,,3,,6,0,,,,,,,4,,6,0,,,,,,
T1,4,PDL,B,N0,3,65.2,12,5,1,1,6,0,,,1,1,,,2,,5,0,,,,,,,3,,6,0,,,,,,,4,,6,0,,,,,,
T1,4,PDL,B,N0,4,67.5,17,5,1,1,6,0,,,,,1,,2,1,5,0,,,,1,1,,3,,5,0,,,,,,,4,,6,0,,,,,,
T1,4,PDL,B,N0,5,63,12,3,1,1,6,0,,,,,1,,2,,5,0,,,,,,,3,,5,0,,,,,,,4,,6,0,,,,,,
T1,4,PDL,B,N0,6,71.2,19,4,1,1,5,0,,,,1,,,2,1,6,0,,,,,1,,3,,6,0,,,,,,,4,,6,0,,,,,,
T1,4,PDL,B,N0,7,68.4,15,0,1,,6,0,,,,,,,2,,5,0,,,,,,,3,,6,0,,,,,,,4,,6,0,,,,,,
T1,4,PDL,B,N0,8,63.5,16,4,1,1,6,0,,,,1,,,2,,5,0,,,,,1,,3,,6,0,,,,,,,4,,6,0,,,,,,
T1,4,PDL,B,N0,9,74,16,4,1,1,5,0,,,,1,,,2,1,6,0,,,,,,,3,,6,0,,,,,,,4,,6,0,,,,,,
T2,1,PDL,A,N1,1,75.5,15,1,1,,5,0,,,,,,,2,,5,0,,,,,,,3,,5,0,,,,,,,4,2,5,0,,,1,,,
T2,1,PDL,A,N1,2,67.2,28,4,1,,5,0,,,,,,,2,,5,0,,,,,,,3,2,5,0,,1,,,,,4,2,5,0,,2,,,,
T2,1,PDL,A,N1,3,76,20,1,1,,5,0,,,,,,,2,,5,0,,,,,,,3,,5,0,,,,,,,4,2,5,0,,,,,,
T2,1,PDL,A,N1,4,78.2,21,1,1,,5,0,,,,,,,2,,5,0,,,,,,,3,,5,0,,,,,,,4,2,5,0,,,,,,
T2,1,PDL,A,N1,5,76.5,20,2,1,,5,0,,,,,,,2,,5,0,,,,,,,3,,5,0,,,,,,,4,2,5,0,,,,,,
T2,1,PDL,A,N1,6,75,20,0,1,,5,0,,,,,,,2,,5,0,,,,,,,3,,5,0,,,,,,,4,,5,0,,,,,,
T2,1,PDL,A,N1,7,79.2,17,1,1,,5,0,,,,,,,2,,5,0,,,,,,,3,,6,0,,,,,,,4,1,5,0,,,,,,
T2,1,PDL,A,N1,8,81.3,22,2,1,,5,0,,,,,,,2,,5,0,,,,,,,3,,5,0,,,,,,,4,2,5,0,,,,,,
T2,1,PDL,A,N1,9,79.5,34,3,1,,5,0,,,,,,,2,,5,0,,,,,,,3,2,5,0,,,,,,,4,,5,0,,,,,,
T2,1,PDL,B,N1,1,68.5,16,1,1,,5,0,,,,,,,2,,5,0,,,,,,,3,,5,0,,,,,,,4,1,5,0,,,,,,
T2,1,PDL,B,N1,2,67.3,15,0,1,,5,0,,,,,,,2,,5,0,,,,,,,3,,4,0,,,,,,,4,,5,0,,,,,,
T2,1,PDL,B,N1,3,71,29,4,1,,5,0,,,,,,,2,,5,0,,,,,,,3,1,5,0,,1,,,,,4,2,5,0,,2,,,,
T2,1,PDL,B,N1,4,76.2,20,0,1,,5,0,,,,,,,2,,5,0,,,,,,,3,,5,0,,,,,,,4,,5,0,,,,,,
T2,1,PDL,B,N1,5,56.2,21,2,1,,5,0,,,,,,,2,,5,0,,,,,,,3,,5,0,,,,,,,4,2,5,0,,,,,,
T2,1,PDL,B,N1,6,66.5,11,2,1,,5,0,,,,,,,2,,5,0,,,,,,,3,,5,0,,,,,,,4,1,5,0,,,,,,
T2,1,PDL,B,N1,7,66.1,15,0,1,,5,0,,,,,,,2,,5,0,,,,,,,3,,5,0,,,,,,,4,,5,0,,,,,,
T2,1,PDL,B,N1,8,68.5,17,1,1,,5,0,,,,,,,2,,5,0,,,,,,,3,,5,0,,,,,,,4,1,5,0,,,,,,
T2,1,PDL,B,N1,9,75.2,20,0,1,,5,0,,,,,,,2,,5,0,,,,,,,3,,6,0,,,,,,,4,,5,0,,,,,,
T2,2,PDL,A,N1,1,71,15,2,1,2,4,0,,,,,,,2,,5,0,,,,,,,3,,5,0,,,,,,,4,,5,0,,,,,,
T2,2,PDL,A,N1,2,75.5,21,5,1,2,5,0,,,,1,,,2,,5,0,,,,,,,3,,5,0,,,,,,,4,,5,0,,,,,,
T2,2,PDL,A,N1,3,79,24,4,1,1,5,0,,,,1,,,2,,5,0,,,,,,,3,,5,0,,,,,,,4,,5,0,,,,,,
T2,2,PDL,A,N1,4,74.2,14,0,1,,5,0,,,,,,,2,,5,0,,,,,,,3,,5,0,,,,,,,4,,5,0,,,,,,
T2,2,PDL,A,N1,5,78.6,24,5,1,2,5,0,,,,2,,,2,,5,0,,,,,,,3,,5,0,,,,,,,4,,5,0,,,,,,
T2,2,PDL,A,N1,6,81,14,2,1,,5,0,,,,1,,,2,,5,0,,,,,,,3,,5,0,,,,,,,4,,5,0,,,,,,
T2,2,PDL,A,N1,7,73.7,21,1,1,,5,0,,,,1,,,2,,5,0,,,,,,,3,,5,0,,,,,,,4,,5,0,,,,,,
T2,2,PDL,A,N1,8,81,21,6,1,2,5,0,,,,2,,,2,,5,0,,,,,,,3,,5,0,,,,,,,4,,5,0,,,,,,
T2,2,PDL,A,N1,9,77.4,23,2,1,,5,0,,,,2,,,2,,5,0,,,,,,,3,,4,0,,,,,,,4,,5,0,,,,,,
T2,2,PDL,B,N1,1,64.5,16,2,1,,5,0,,,,1,,,2,,4,0,,,,,,,3,,4,0,,,,,,,4,,5,0,,,,,,
T2,2,PDL,B,N1,2,69,20,3,1,2,4,0,,,,1,,,2,,5,0,,,,,,,3,,5,0,,,,,,,4,,5,0,,,,,,
T2,2,PDL,B,N1,3,69.8,25,2,1,1,5,0,,,,1,,,2,,5,0,,,,,,,3,,5,0,,,,,,,4,,5,0,,,,,,
T2,2,PDL,B,N1,4,83.2,15,0,1,,5,0,,,,,,,2,,5,0,,,,,,,3,,4,0,,,,,,,4,,5,0,,,,,,
T2,2,PDL,B,N1,5,81.5,25,2,1,1,5,0,,,,1,,,2,,5,0,,,,,,,3,,5,0,,,,,,,4,,5,0,,,,,,
T2,2,PDL,B,N1,6,74.5,12,0,1,,5,0,,,,,,,2,,5,0,,,,,,,3,,5,0,,,,,,,4,,5,0,,,,,,
T2,2,PDL,B,N1,7,78,23,3,1,1,5,0,,,,1,,,2,,5,0,,,,,,,3,,5,0,,,,,,,4,,5,0,,,,,,
T2,2,PDL,B,N1,8,84,20,4,1,2,5,0,,,,1,,,2,,5,0,,,,,,,3,,5,0,,,,,,,4,,5,0,,,,,,
T2,2,PDL,B,N1,9,78.2,20,1,1,1,5,0,,,,,,,2,,5,0,,,,,,,3,,5,0,,,,,,,4,,5,0,,,,,,
T2,3,PDL,A,N1,1,70,17,0,1,,5,0,,,,,,,2,,6,0,,,,,,,3,,5,0,,,,,,,4,,6,0,,,,,,
T2,3,PDL,A,N1,2,72.5,27,0,1,,5,0,,,,,,,2,,6,0,,,,,,,3,,6,0,,,,,,,4,,6,0,,,,,,
T2,3,PDL,A,N1,3,85,14,0,1,,6,0,,,,,,,2,,5,0,,,,,,,3,,5,0,,,,,,,4,,5,0,,,,,,
T2,3,PDL,A,N1,4,67,15,0,1,,5,0,,,,,,,2,,5,0,,,,,,,3,,5,0,,,,,,,4,,5,0,,,,,,
T2,3,PDL,A,N1,5,74,20,0,1,,5,0,,,,,,,2,,5,0,,,,,,,3,,5,0,,,,,,,4,,5,0,,,,,,
T2,3,PDL,A,N1,6,67,18,0,1,,5,0,,,,,,,2,,5,0,,,,,,,3,,5,0,,,,,,,4,,6,0,,,,,,
T2,3,PDL,A,N1,7,72.4,13,0,1,,5,0,,,,,,,2,,5,0,,,,,,,3,,6,0,,,,,,,4,,5,0,,,,,,
T2,3,PDL,A,N1,8,74,24,0,1,,6,0,,,,,,,2,,5,0,,,,,,,3,,6,0,,,,,,,4,,6,0,,,,,,
T2,3,PDL,A,N1,9,71.2,16,0,1,,6,0,,,,,,,2,,5,0,,,,,,,3,,5,0,,,,,,,4,,5,0,,,,,,
T2,3,PDL,B,N1,1,69,20,0,1,,5,0,,,,,,,2,,5,0,,,,,,,3,,5,0,,,,,,,4,,5,0,,,,,,
T2,3,PDL,B,N1,2,75,32,0,1,,5,0,,,,,,,2,,5,0,,,,,,,3,,5,0,,,,,,,4,,6,0,,,,,,
T2,3,PDL,B,N1,3,69,13,0,1,,6,0,,,,,,,2,,5,0,,,,,,,3,,5,0,,,,,,,4,,5,0,,,,,,
T2,3,PDL,B,N1,4,67,18,0,1,,5,0,,,,,,,2,,5,0,,,,,,,3,,5,0,,,,,,,4,,6,0,,,,,,
T2,3,PDL,B,N1,5,67,11,0,1,,5,0,,,,,,,2,,5,0,,,,,,,3,,5,0,,,,,,,4,,5,0,,,,,,
T2,3,PDL,B,N1,6,71,32,0,1,,5,0,,,,,,,2,,5,0,,,,,,,3,,6,0,,,,,,,4,,5,0,,,,,,
T2,3,PDL,B,N1,7,73.5,21,0,1,,5,0,,,,,,,2,,5,0,,,,,,,3,,5,0,,,,,,,4,,5,0,,,,,,
T2,3,PDL,B,N1,8,70.7,25,0,1,,5,0,,,,,,,2,,5,0,,,,,,,3,,5,0,,,,,,,4,,5,0,,,,,,
T2,3,PDL,B,N1,9,70,17,0,1,,5,0,,,,,,,2,,5,0,,,,,,,3,,5,0,,,,,,,4,,6,0,,,,,,
T2,4,PDL,A,N1,1,75.4,16,0,1,,6,0,,,,,,,2,,6,0,,,,,,,3,,6,0,,,,,,,4,,6,0,,,,,,
T2,4,PDL,A,N1,2,78,18,0,1,,6,0,,,,,,,2,,6,0,,,,,,,3,,6,0,,,,,,,4,,6,0,,,,,,
T2,4,PDL,A,N1,3,77.6,19,0,1,,6,0,,,,,,,2,,6,0,,,,,,,3,,6,0,,,,,,,4,,6,0,,,,,,
T2,4,PDL,A,N1,4,71,14,0,1,,6,0,,,,,,,2,,6,0,,,,,,,3,,6,0,,,,,,,4,,6,0,,,,,,
T2,4,PDL,A,N1,5,87,19,2,1,,6,0,,,,,1,,2,,6,0,,,,,,,3,,6,0,,,,,,,4,,6,0,,,,,,
T2,4,PDL,A,N1,6,76.3,20,0,1,,6,0,,,,,,,2,,6,0,,,,,,,3,,6,0,,,,,,,4,,6,0,,,,,,
T2,4,PDL,A,N1,7,76.8,16,0,1,,6,0,,,,,,,2,,6,0,,,,,,,3,,5,0,,,,,,,4,,6,0,,,,,,
T2,4,PDL,A,N1,8,73,23,5,1,2,6,0,,,,,1,,2,1,6,0,,,,,1,,3,,6,0,,,,,,,4,,6,0,,,,,,
T2,4,PDL,A,N1,9,70.2,20,6,1,2,6,0,,,,1,1,,2,1,6,0,,,,,1,,3,,6,0,,,,,,,4,,6,0,,,,,,
T2,4,PDL,B,N1,1,66,20,0,1,,6,0,,,,,,,2,,6,0,,,,,,,3,,5,0,,,,,,,4,,6,0,,,,,,
T2,4,PDL,B,N1,2,63.1,12,0,1,,6,0,,,,,,,2,,6,0,,,,,,,3,,6,0,,,,,,,4,,6,0,,,,,,
T2,4,PDL,B,N1,3,74.3,23,0,1,,6,0,,,,,,,2,,6,0,,,,,,,3,,6,0,,,,,,,4,,6,0,,,,,,
T2,4,PDL,B,N1,4,66.2,18,0,1,,5,0,,,,,,,2,,6,0,,,,,,,3,,6,0,,,,,,,4,,6,0,,,,,,
T2,4,PDL,B,N1,5,67.5,18,0,1,,6,0,,,,,,,2,,6,0,,,,,,,3,,5,0,,,,,,,4,,6,0,,,,,,
T2,4,PDL,B,N1,6,66.4,10,0,1,,5,0,,,,,,,2,,5,0,,,,,,,3,,6,0,,,,,,,4,,6,0,,,,,,
T2,4,PDL,B,N1,7,64,14,0,1,,5,0,,,,,,,2,,6,0,,,,,,,3,,6,0,,,,,,,4,,6,0,,,,,,
T2,4,PDL,B,N1,8,64.3,9,0,1,,6,0,,,,,,,2,,6,0,,,,,,,3,,5,0,,,,,,,4,,5,0,,,,,,
T2,4,PDL,B,N1,9,73,19,0,1,,6,0,,,,,,,2,,6,0,,,,,,,3,,6,0,,,,,,,4,,6,0,,,,,,
T3,1,PDL,A,N2,1,70,23,0,1,,5,0,,,,,,,2,,5,0,,,,,,,3,,5,0,,,,,,,4,,5,0,,,,,,
T3,1,PDL,A,N2,2,65.2,15,2,1,,5,0,,,,,,,2,,5,0,,,,,,,3,,5,0,,,,,,,4,1,5,0,,,,,1,
T3,1,PDL,A,N2,3,71.2,15,0,1,,5,0,,,,,,,2,,5,0,,,,,,,3,,5,0,,,,,,,4,,5,0,,,,,,
T3,1,PDL,A,N2,4,66.5,14,0,1,,5,0,,,,,,,2,,6,0,,,,,,,3,,6,0,,,,,,,4,,5,0,,,,,,
T3,1,PDL,A,N2,5,85.5,17,2,1,,5,0,,,,,,,2,,5,0,,,,,,,3,,5,0,,,,,,,4,2,5,0,,,,,1,
T3,1,PDL,A,N2,6,71.2,13,1,1,,5,0,,,,,,,2,,5,0,,,,,,,3,,5,0,,,,,,,4,1,5,0,,,,,,
T3,1,PDL,A,N2,7,78,18,0,1,,5,0,,,,,,,2,,5,0,,,,,,,3,,5,0,,,,,,,4,,5,0,,,,,,
T3,1,PDL,A,N2,8,75.5,16,0,1,,5,0,,,,,,,2,,5,0,,,,,,,3,,5,0,,,,,,,4,,5,0,,,,,,
T3,1,PDL,A,N2,9,86.7,18,3,1,,5,0,,,,,,,2,,5,0,,,,,,,3,2,5,0,,,,,1,,4,2,5,0,,,,,1,
T3,1,PDL,B,N2,1,72.5,18,0,1,,5,0,,,,,,,2,,5,0,,,,,,,3,,5,0,,,,,,,4,,5,0,,,,,,
T3,1,PDL,B,N2,2,65.2,21,0,1,,5,0,,,,,,,2,,5,0,,,,,,,3,,6,0,,,,,,,4,,6,0,,,,,,
T3,1,PDL,B,N2,3,83.2,29,2,1,,5,0,,,,,,,2,,5,0,,,,,,,3,,5,0,,,,,,,4,1,5,0,,,,,,
T3,1,PDL,B,N2,4,71,18,3,1,,5,0,,,,,,,2,,5,0,,,,,,,3,1,5,0,,,,,,,4,2,5,0,,,,1,,
T3,1,PDL,B,N2,5,78.2,27,4,1,,5,0,,,,,,,2,,5,0,,,,,,,3,2,5,0,,,,1,,,4,2,5,0,,,,1,,
T3,1,PDL,B,N2,6,71.3,18,2,1,,5,0,,,,,,,2,,5,0,,,,,,,3,,5,0,,,,,,,4,2,5,0,,,,,,
T3,1,PDL,B,N2,7,92.5,22,3,1,,5,0,,,,,,,2,,5,0,,,,,,,3,2,5,0,,,,1,,,4,2,5,0,,,,1,,
T3,1,PDL,B,N2,8,75,22,2,1,,5,0,,,,,,,2,,5,0,,,,,,,3,,5,0,,,,,,,4,2,5,0,,,,,,
T3,1,PDL,B,N2,9,78.3,32,3,1,,5,0,,,,,,,2,,5,0,,,,,,,3,1,5,0,,,,1,,,4,2,5,0,,,,1,,
T3,2,PDL,A,N2,1,75.4,19,2,1,,4,0,,,,1,,,2,,5,0,,,,,,,3,,5,0,,,,,,,4,,4,0,,,,,,
T3,2,PDL,A,N2,2,79.5,30,5,1,2,5,0,,,,1,,,2,,5,0,,,,,,,3,,5,0,,,,,,,4,,5,0,,,,,,
T3,2,PDL,A,N2,3,79,24,5,1,2,5,0,,,,2,,,2,,5,0,,,,,,,3,,5,0,,,,,,,4,,5,0,,,,,,
T3,2,PDL,A,N2,4,85.2,25,4,1,2,5,0,,,,1,,,2,,5,0,,,,,,,3,,5,0,,,,,,,4,,5,0,,,,,,
T3,2,PDL,A,N2,5,86,28,5,1,2,5,0,,,,2,,,2,,6,0,,,,,,,3,,5,0,,,,,,,4,,6,0,,,,,,
T3,2,PDL,A,N2,6,80.5,16,0,1,,5,0,,,,,,,2,,5,0,,,,,,,3,,5,0,,,,,,,4,,5,0,,,,,,
T3,2,PDL,A,N2,7,76.3,27,4,1,2,5,0,,,,1,,,2,,5,0,,,,,,,3,,5,0,,,,,,,4,,5,0,,,,,,
T3,2,PDL,A,N2,8,76.5,24,3,1,1,5,0,,,,1,,,2,,5,0,,,,,,,3,,5,0,,,,,,,4,,5,0,,,,,,
T3,2,PDL,A,N2,9,78,16,2,1,,5,0,,,,1,,,2,,5,0,,,,,,,3,,5,0,,,,,,,4,,5,0,,,,,,
T3,2,PDL,B,N2,1,78.4,25,3,1,2,5,0,,,,1,,,2,,5,0,,,,,,,3,,5,0,,,,,,,4,,5,0,,,,,,
T3,2,PDL,B,N2,2,77.6,27,2,1,,5,0,,,,1,,,2,,5,0,,,,,,,3,,5,0,,,,,,,4,,5,0,,,,,,
T3,2,PDL,B,N2,3,68,24,2,1,,4,0,,,,1,,,2,,5,0,,,,,,,3,,4,0,,,,,,,4,,4,0,,,,,,
T3,2,PDL,B,N2,4,77.2,25,0,1,,5,0,,,,,,,2,,5,0,,,,,,,3,,5,0,,,,,,,4,,5,0,,,,,,
T3,2,PDL,B,N2,5,76.5,29,4,1,1,4,0,,,,1,,,2,,5,0,,,,,,,3,,5,0,,,,,,,4,,5,0,,,,,,
T3,2,PDL,B,N2,6,70,20,2,1,,5,0,,,,1,,,2,,4,0,,,,,,,3,,5,0,,,,,,,4,,5,0,,,,,,
T3,2,PDL,B,N2,7,79.5,20,2,1,,5,0,,,,1,,,2,,5,0,,,,,,,3,,5,0,,,,,,,4,,5,0,,,,,,
T3,2,PDL,B,N2,8,77.5,25,4,1,2,5,0,,,,2,,,2,,5,0,,,,,,,3,,5,0,,,,,,,4,,5,0,,,,,,
T3,2,PDL,B,N2,9,74,19,1,1,,5,0,,,,1,,,2,,5,0,,,,,,,3,,5,0,,,,,,,4,,5,0,,,,,,
T3,3,PDL,A,N2,1,76,20,5,1,1,5,0,,,,,,,2,1,5,0,,,,,,,3,1,6,0,,,,,,,4,1,6,0,,,,,,
T3,3,PDL,A,N2,2,62,14,0,1,,5,0,,,,,,,2,,5,0,,,,,,,3,,6,0,,,,,,,4,,5,0,,,,,,
T3,3,PDL,A,N2,3,82.6,23,23,1,4,7,0,,,,,,,2,1,7,0,,,,,,,3,4,7,0,,,,,,,4,4,5,0,,,,,,
T3,3,PDL,A,N2,4,73,22,1,1,1,7,0,,,,,,,2,,5,0,,,,,,,3,,5,0,,,,,,,4,,6,0,,,,,,
T3,3,PDL,A,N2,5,70,24,4,1,1,5,0,,,,,,,2,1,6,0,,,,,,,3,1,5,0,,,,,,,4,1,4,0,,,,,,
T3,3,PDL,A,N2,6,68.5,16,2,1,1,7,1,,,,,,,2,1,5,0,,,,,,,3,,5,0,,,,,,,4,,6,0,,,,,,
T3,3,PDL,A,N2,7,79,18,4,1,3,3,0,,,,,,,2,1,5,0,,,,,,,3,1,7,0,,,,,,,4,1,7,0,,,,,,
T3,3,PDL,A,N2,8,78.9,24,3,1,1,7,0,,,,,,,2,1,5,0,,,,,,,3,1,5,0,,,,,,,4,,5,0,,,,,,
T3,3,PDL,A,N2,9,81,15,3,1,1,5,0,,,,,,,2,1,7,0,,,,,,,3,1,5,0,,,,,,,4,,5,0,,,,,,
T3,3,PDL,B,N2,1,77,33,12,1,3,5,0,,,,,,,2,1,5,0,,,,,,,3,2,5,0,,,,,,,4,4,5,0,,,,,,
T3,3,PDL,B,N2,2,76,19,2,1,2,4,1,,,,,,,2,2,5,0,,,,,3,,3,1,6,0,,,,,,1,4,,5,0,,,,,,
T3,3,PDL,B,N2,3,83,30,7,1,1,4,1,,,,,,,2,2,5,0,,,,,,,3,1,5,0,,,,,,,4,1,5,0,,,,,,
T3,3,PDL,B,N2,4,67.5,19,0,1,,5,0,,,,,,,2,,5,0,,,,,,,3,,5,0,,,,,,,4,,5,0,,,,,,
T3,3,PDL,B,N2,5,75,19,2,1,1,6,0,,,,,,,2,,5,0,,,,,,,3,2,6,0,,,,,,,4,,5,0,,,,,,
T3,3,PDL,B,N2,6,69,14,1,1,2,5,0,,,,,,,2,,5,0,,,,,,,3,,5,0,,,,,,,4,,5,0,,,,,,
T3,3,PDL,B,N2,7,80,18,3,1,2,5,1,,,,,,,2,3,7,0,,,,,,,3,1,7,0,,,,,,,4,,5,0,,,,,,
T3,3,PDL,B,N2,8,74.6,18,0,1,,5,0,,,,,,,2,,5,0,,,,,,,3,,5,0,,,,,,,4,,6,0,,,,,,
T3,3,PDL,B,N2,9,85,19,8,1,3,6,0,,,,,,,2,2,5,0,,,,,,,3,2,6,0,,,,,,,4,1,6,0,,,,,,
T3,4,PDL,A,N2,1,79.5,37,9,1,1,6,0,,,,1,,,2,2,5,0,,,,,1,,3,,6,0,,,,,,,4,,6,0,,,,,,
T3,4,PDL,A,N2,2,87,22,8,1,2,5,0,,,,1,,,2,2,6,0,,,,2,,,3,,6,0,,,,,,,4,,6,0,,,,,,
T3,4,PDL,A,N2,3,79,17,3,1,1,5,0,,,,,1,,2,,6,0,,,,,,,3,,6,0,,,,,,,4,,6,0,,,,,,
T3,4,PDL,A,N2,4,74.5,17,4,1,1,6,0,,,,1,,,2,1,5,0,,,,,1,,3,,5,0,,,,,,,4,,6,0,,,,,,
T3,4,PDL,A,N2,5,80,23,5,1,1,6,0,,,,1,,,2,1,6,0,,,,,1,,3,,5,0,,,,,,,4,,6,0,,,,,,
T3,4,PDL,A,N2,6,78.3,19,3,1,1,5,0,,,,1,,,2,,6,0,,,,,,,3,,6,0,,,,,,,4,,6,0,,,,,,
T3,4,PDL,A,N2,7,87.2,23,12,1,2,6,0,,,,,1,,2,2,6,0,,,,1,,,3,,5,0,,,,,,,4,,6,0,,,,,,
T3,4,PDL,A,N2,8,78.6,15,3,1,2,6,0,,,,,1,,2,,5,0,,,,,,,3,,6,0,,,,,,,4,,6,0,,,,,,
T3,4,PDL,A,N2,9,76,18,3,1,1,5,0,,,,,1,,2,,5,0,,,,,,,3,,6,0,,,,,,,4,,6,0,,,,,,
T3,4,PDL,B,N2,1,79.4,16,0,1,,6,0,,,,,,,2,,5,0,,,,,,,3,,6,0,,,,,,,4,,6,0,,,,,,
T3,4,PDL,B,N2,2,77,29,2,1,1,6,0,,,,,1,,2,,6,0,,,,,,,3,,5,0,,,,,,,4,,6,0,,,,,,
T3,4,PDL,B,N2,3,78,21,3,1,,6,0,,,,,1,,2,,6,0,,,,,,,3,,6,0,,,,,,,4,,6,0,,,,,,
T3,4,PDL,B,N2,4,80.3,26,2,1,,5,0,,,,,1,,2,,6,0,,,,,,,3,,6,0,,,,,,,4,,6,0,,,,,,
T3,4,PDL,B,N2,5,82.5,15,2,1,,6,0,,,,,1,,2,,6,0,,,,,,,3,,5,0,,,,,,,4,,6,0,,,,,,
T3,4,PDL,B,N2,6,81.5,24,6,1,1,6,0,,,,,2,,2,2,6,0,,,,,1,,3,,5,0,,,,,,,4,,6,0,,,,,,
T3,4,PDL,B,N2,7,95.2,30,9,1,2,6,0,,,,,2,,2,2,6,0,,,,2,,,3,,5,0,,,,,,,4,,6,0,,,,,,
T3,4,PDL,B,N2,8,82,27,5,1,1,6,0,,,,,1,,2,1,5,0,,,,,1,,3,,6,0,,,,,,,4,,6,0,,,,,,
T3,4,PDL,B,N2,9,89,18,4,1,1,6,0,,,,,1,,2,1,6,0,,,,,1,,3,,6,0,,,,,,,4,,6,0,,,,,,
T4,1,AWD,A,N0,1,56.2,13,0,1,,5,0,,,,,,,2,,5,0,,,,,,,3,,5,0,,,,,,,4,,5,0,,,,,,
T4,1,AWD,A,N0,2,61.5,12,0,1,,5,0,,,,,,,2,,5,0,,,,,,,3,,5,0,,,,,,,4,,5,0,,,,,,
T4,1,AWD,A,N0,3,59.2,15,2,1,,5,0,,,,,,,2,,5,0,,,,,,,3,,5,0,,,,,,,4,2,5,0,,,,,,
T4,1,AWD,A,N0,4,57.5,14,0,1,,5,0,,,,,,,2,,5,0,,,,,,,3,,5,0,,,,,,,4,,5,0,,,,,,
T4,1,AWD,A,N0,5,59.5,11,0,1,,5,0,,,,,,,2,,5,0,,,,,,,3,,5,0,,,,,,,4,,5,0,,,,,,
T4,1,AWD,A,N0,6,56.5,17,2,1,,5,0,,,,,,,2,,5,0,,,,,,,3,,5,0,,,,,,,4,1,5,0,,,,,,
T4,1,AWD,A,N0,7,60.5,19,1,1,,5,0,,,,,,,2,,5,0,,,,,,,3,,5,0,,,,,,,4,1,5,0,,,,,,
T4,1,AWD,A,N0,8,65,19,1,1,,5,0,,,,,,,2,,5,0,,,,,,,3,,5,0,,,,,,,4,1,5,0,,,,,,
T4,1,AWD,A,N0,9,51.3,11,2,1,,5,0,,,,,,,2,,5,0,,,,,,,3,,5,0,,,,,,,4,1,5,0,,,,,,
T4,1,AWD,B,N0,1,56.2,14,3,1,,5,0,,,,,,,2,,5,0,,,,,,,3,2,5,0,,,,,,,4,2,5,0,,,,,,
T4,1,AWD,B,N0,2,61.5,23,1,1,,5,0,,,,,,,2,,5,0,,,,,,,3,,5,0,,,,,,,4,1,5,0,,,,,,
T4,1,AWD,B,N0,3,60.3,21,1,1,,5,0,,,,,,,2,,5,0,,,,,,,3,,5,0,,,,,,,4,1,5,0,,,,,,
T4,1,AWD,B,N0,4,60.5,17,1,1,,5,0,,,,,,,2,,5,0,,,,,,,3,,5,0,,,,,,,4,2,5,0,,,,,,
T4,1,AWD,B,N0,5,59.5,20,0,1,,5,0,,,,,,,2,,5,0,,,,,,,3,,5,0,,,,,,,4,,5,0,,,,,,
T4,1,AWD,B,N0,6,64,16,2,1,,5,0,,,,,,,2,,5,0,,,,,,,3,,5,0,,,,,,,4,2,5,0,,,,,,
T4,1,AWD,B,N0,7,56.5,12,0,1,,5,0,,,,,,,2,,5,0,,,,,,,3,,5,0,,,,,,,4,,5,0,,,,,,
T4,1,AWD,B,N0,8,61,13,1,1,,5,0,,,,,,,2,,5,0,,,,,,,3,,5,0,,,,,,,4,,5,0,,,,,,
T4,1,AWD,B,N0,9,59.2,14,0,1,,5,0,,,,,,,2,,5,0,,,,,,,3,,5,0,,,,,,,4,,5,0,,,,,,
T4,2,AWD,A,N0,1,69.5,15,0,1,,5,0,,,,,,,2,,5,0,,,,,,,3,,5,0,,,,,,,4,,5,0,,,,,,
T4,2,AWD,A,N0,2,68,17,0,1,,5,0,,,,,,,2,,5,0,,,,,,,3,,5,0,,,,,,,4,,5,0,,,,,,
T4,2,AWD,A,N0,3,74,17,3,1,1,5,0,,,,,1,,2,,5,0,,,,,,,3,,5,0,,,,,,,4,,5,0,,,,,,
T4,2,AWD,A,N0,4,73.2,20,0,1,,6,0,,,,,,,2,,5,0,,,,,,,3,,6,0,,,,,,,4,,6,0,,,,,,
T4,2,AWD,A,N0,5,70.5,27,2,1,1,5,0,,,,,1,,2,,5,0,,,,,,,3,,5,0,,,,,,,4,,5,0,,,,,,
T4,2,AWD,A,N0,6,72,15,0,1,,5,0,,,,,,,2,,5,0,,,,,,,3,,5,0,,,,,,,4,,5,0,,,,,,
T4,2,AWD,A,N0,7,60.5,12,0,1,,6,0,,,,,,,2,,5,0,,,,,,,3,,5,0,,,,,,,4,,5,0,,,,,,
T4,2,AWD,A,N0,8,65,12,2,1,1,5,0,,,,1,,,2,,5,0,,,,,,,3,,5,0,,,,,,,4,,5,0,,,,,,
T4,2,AWD,A,N0,9,67.3,26,2,1,1,5,0,,,,,,,2,,5,0,,,,,,,3,,5,0,,,,,,,4,,5,0,,,,,,
T4,2,AWD,B,N0,1,57,22,0,1,,5,0,,,,,,,2,,5,0,,,,,,,3,,5,0,,,,,,,4,,5,0,,,,,,
T4,2,AWD,B,N0,2,50.5,7,0,1,,4,0,,,,,,,2,,5,0,,,,,,,3,,5,0,,,,,,,4,,5,0,,,,,,
T4,2,AWD,B,N0,3,52.4,17,0,1,,5,0,,,,,,,2,,5,0,,,,,,,3,,5,0,,,,,,,4,,5,0,,,,,,
T4,2,AWD,B,N0,4,64,16,0,1,,5,0,,,,,,,2,,5,0,,,,,,,3,,5,0,,,,,,,4,,5,0,,,,,,
T4,2,AWD,B,N0,5,61.5,19,0,1,,5,0,,,,,,,2,,5,0,,,,,,,3,,5,0,,,,,,,4,,5,0,,,,,,
T4,2,AWD,B,N0,6,66,14,0,1,,5,0,,,,,,,2,,5,0,,,,,,,3,,5,0,,,,,,,4,,5,0,,,,,,
T4,2,AWD,B,N0,7,48,7,0,1,,4,0,,,,,,,2,,5,0,,,,,,,3,,5,0,,,,,,,4,,5,0,,,,,,
T4,2,AWD,B,N0,8,53.5,14,0,1,,5,0,,,,,,,2,,5,0,,,,,,,3,,5,0,,,,,,,4,,5,0,,,,,,
T4,2,AWD,B,N0,9,51.2,15,0,1,,4,0,,,,,,,2,,5,0,,,,,,,3,,5,0,,,,,,,4,,5,0,,,,,,
T4,3,AWD,A,N0,1,48,11,0,1,,5,0,,,,,,,2,,5,0,,,,,,,3,,5,0,,,,,,,4,,5,0,,,,,,
T4,3,AWD,A,N0,2,46,10,0,1,,4,0,,,,,,,2,,5,0,,,,,,,3,,5,0,,,,,,,4,,5,0,,,,,,
T4,3,AWD,A,N0,3,55.5,11,0,1,,5,0,,,,,,,2,,5,0,,,,,,,3,,5,0,,,,,,,4,,5,0,,,,,,
T4,3,AWD,A,N0,4,69,14,0,1,,5,0,,,,,,,2,,5,0,,,,,,,3,,5,0,,,,,,,4,,5,0,,,,,,
T4,3,AWD,A,N0,5,50,12,2,1,1,4,1,,,,,,,2,1,5,1,,,,,,,3,,5,0,,,,,,,4,,5,0,,,,,,
T4,3,AWD,A,N0,6,58,17,0,1,,5,0,,,,,,,2,,5,0,,,,,,,3,,5,0,,,,,,,4,,6,0,,,,,,
T4,3,AWD,A,N0,7,51,19,4,1,2,4,2,,,,,,,2,2,4,1,,,,,,,3,1,5,1,,,,,,,4,1,5,1,,,,,,
T4,3,AWD,A,N0,8,54,17,1,1,1,4,2,,,,,,,2,,5,0,,,,,,,3,,5,0,,,,,,,4,,5,0,,,,,,
T4,3,AWD,A,N0,9,57,13,0,1,,5,0,,,,,,,2,,4,0,,,,,,,3,,5,0,,,,,,,4,,5,0,,,,,,
T4,3,AWD,B,N0,1,62.7,11,0,1,,6,0,,,,,,,2,,5,0,,,,,,,3,,5,0,,,,,,,4,,5,0,,,,,,
T4,3,AWD,B,N0,2,58,16,0,1,,5,0,,,,,,,2,,5,0,,,,,,,3,,5,0,,,,,,,4,,5,0,,,,,,
T4,3,AWD,B,N0,3,68,20,0,1,,5,0,,,,,,,2,,5,0,,,,,,,3,,5,0,,,,,,,4,,5,0,,,,,,
T4,3,AWD,B,N0,4,51,10,0,1,,5,0,,,,,,,2,,5,0,,,,,,,3,,5,0,,,,,,,4,,5,0,,,,,,
T4,3,AWD,B,N0,5,59,16,0,1,,5,0,,,,,,,2,,5,0,,,,,,,3,,5,0,,,,,,,4,,5,0,,,,,,
T4,3,AWD,B,N0,6,72,16,0,1,,6,0,,,,,,,2,,5,0,,,,,,,3,,6,0,,,,,,,4,,6,0,,,,,,
T4,3,AWD,B,N0,7,64,14,0,1,,5,0,,,,,,,2,,5,0,,,,,,,3,,6,0,,,,,,,4,,5,0,,,,,,
T4,3,AWD,B,N0,8,71,14,0,1,,6,0,,,,,,,2,,5,0,,,,,,,3,,5,0,,,,,,,4,,5,0,,,,,,
T4,3,AWD,B,N0,9,54,4,0,1,,5,0,,,,,,,2,,5,0,,,,,,,3,,5,0,,,,,,,4,,5,0,,,,,,
T4,4,AWD,A,N0,1,63.7,20,0,1,,5,0,,,,,,,2,,5,0,,,,,,,3,,5,0,,,,,,,4,,5,0,,,,,,
T4,4,AWD,A,N0,2,56.6,14,0,1,,5,0,,,,,,,2,,5,0,,,,,,,3,,5,0,,,,,,,4,,5,0,,,,,,
T4,4,AWD,A,N0,3,56.5,20,0,1,,5,0,,,,,,,2,,5,0,,,,,,,3,,5,0,,,,,,,4,,5,0,,,,,,
T4,4,AWD,A,N0,4,54.2,15,0,1,,6,0,,,,,,,2,,5,0,,,,,,,3,,6,0,,,,,,,4,,5,0,,,,,,
T4,4,AWD,A,N0,5,68,22,0,1,,5,0,,,,,,,2,,5,0,,,,,,,3,,5,0,,,,,,,4,,5,0,,,,,,
T4,4,AWD,A,N0,6,57.7,15,1,1,,5,0,,,,,,,2,,5,0,,,,,,,3,,5,0,,,,,,,4,1,5,0,,,,,,
T4,4,AWD,A,N0,7,56.5,19,0,1,,5,0,,,,,,,2,,5,0,,,,,,,3,,5,0,,,,,,,4,,5,0,,,,,,
T4,4,AWD,A,N0,8,57.4,14,0,1,,5,0,,,,,,,2,,5,0,,,,,,,3,,5,0,,,,,,,4,,5,0,,,,,,
T4,4,AWD,A,N0,9,59,18,0,1,,5,0,,,,,,,2,,5,0,,,,,,,3,,5,0,,,,,,,4,,5,0,,,,,,
T4,4,AWD,B,N0,1,62.2,15,0,1,,5,0,,,,,,,2,,5,0,,,,,,,3,,6,0,,,,,,,4,,5,0,,,,,,
T4,4,AWD,B,N0,2,58.5,15,0,1,,5,0,,,,,,,2,,5,0,,,,,,,3,,5,0,,,,,,,4,,5,0,,,,,,
T4,4,AWD,B,N0,3,60,13,0,1,,5,0,,,,,,,2,,5,0,,,,,,,3,,6,0,,,,,,,4,,5,0,,,,,,
T4,4,AWD,B,N0,4,55.5,12,0,1,,5,0,,,,,,,2,,5,0,,,,,,,3,,5,0,,,,,,,4,,5,0,,,,,,
T4,4,AWD,B,N0,5,55,14,0,1,,6,0,,,,,,,2,,5,0,,,,,,,3,,5,0,,,,,,,4,,5,0,,,,,,
T4,4,AWD,B,N0,6,62.5,15,1,1,1,6,0,,,,,,,2,,5,0,,,,,,,3,,5,0,,,,,,,4,,5,0,,,,,,
T4,4,AWD,B,N0,7,57.5,20,4,1,1,3,3,,,,,,,2,1,3,2,,,,,,,3,1,5,0,,,,,,,4,1,4,1,,,,,,
T4,4,AWD,B,N0,8,57.7,22,1,1,1,4,1,,,,,,,2,,5,0,,,,,,,3,,6,0,,,,,,,4,,6,0,,,,,,
T4,4,AWD,B,N0,9,59.2,15,0,1,,5,0,,,,,,,2,,5,0,,,,,,,3,,6,0,,,,,,,4,,5,0,,,,,,
T5,1,AWD,A,N1,1,69.5,19,0,1,,5,0,,,,,,,2,,5,0,,,,,,,3,,5,0,,,,,,,4,,5,0,,,,,,
T5,1,AWD,A,N1,2,76,28,0,1,,5,0,,,,,,,2,,6,0,,,,,,,3,,6,0,,,,,,,4,,6,0,,,,,,
T5,1,AWD,A,N1,3,75,20,1,1,,5,0,,,,,,,2,,5,0,,,,,,,3,,5,0,,,,,,,4,2,5,0,,,,,,
T5,1,AWD,A,N1,4,74.5,20,0,1,,5,0,,,,,,,2,,5,0,,,,,,,3,,5,0,,,,,,,4,,5,0,,,,,,
T5,1,AWD,A,N1,5,70.3,24,1,1,,5,0,,,,,,,2,,5,0,,,,,,,3,,5,0,,,,,,,4,1,5,0,,,,,,
T5,1,AWD,A,N1,6,73.2,26,0,1,,5,0,,,,,,,2,,5,0,,,,,,,3,,5,0,,,,,,,4,,5,0,,,,,,
T5,1,AWD,A,N1,7,72.4,17,0,1,,5,0,,,,,,,2,,5,0,,,,,,,3,,5,0,,,,,,,4,,5,0,,,,,,
T5,1,AWD,A,N1,8,77,22,0,1,,5,0,,,,,,,2,,5,0,,,,,,,3,,5,0,,,,,,,4,,5,0,,,,,,
T5,1,AWD,A,N1,9,77.3,25,0,1,,6,0,,,,,,,2,,6,0,,,,,,,3,,5,0,,,,,,,4,,6,0,,,,,,
T5,1,AWD,B,N1,1,71.6,26,0,1,,5,0,,,,,,,2,,5,0,,,,,,,3,,6,0,,,,,,,4,,5,0,,,,,,
T5,1,AWD,B,N1,2,79.2,24,1,1,,5,0,,,,,,,2,,5,0,,,,,,,3,,5,0,,,,,,,4,1,5,0,,,,,,
T5,1,AWD,B,N1,3,75.6,19,0,1,,5,0,,,,,,,2,,5,0,,,,,,,3,,5,0,,,,,,,4,,5,0,,,,,,
T5,1,AWD,B,N1,4,68.7,15,1,1,,5,0,,,,,,,2,,5,0,,,,,,,3,,5,0,,,,,,,4,2,5,0,,,,,1,
T5,1,AWD,B,N1,5,70.3,26,0,1,,5,0,,,,,,,2,,5,0,,,,,,,3,,5,0,,,,,,,4,,5,0,,,,,,
T5,1,AWD,B,N1,6,73.6,12,0,1,,5,0,,,,,,,2,,5,0,,,,,,,3,,5,0,,,,,,,4,,5,0,,,,,,
T5,1,AWD,B,N1,7,77.4,21,0,1,,5,0,,,,,,,2,,5,0,,,,,,,3,,5,0,,,,,,,4,,5,0,,,,,,
T5,1,AWD,B,N1,8,77.3,27,1,1,,5,0,,,,,,,2,,5,0,,,,,,,3,,5,0,,,,,,,4,1,5,0,,,,,,
T5,1,AWD,B,N1,9,65.4,15,0,1,,5,0,,,,,,,2,,5,0,,,,,,,3,,5,0,,,,,,,4,,5,0,,,,,,
T5,2,AWD,A,N1,1,75,15,0,1,,6,0,,,,,,,2,,5,0,,,,,,,3,,6,0,,,,,,,4,,6,0,,,,,,
T5,2,AWD,A,N1,2,74.8,12,0,1,,5,0,,,,,,,2,,6,0,,,,,,,3,,6,0,,,,,,,4,,5,0,,,,,,
T5,2,AWD,A,N1,3,72,21,5,1,1,5,0,,,,,1,,2,1,5,0,,,,1,,,3,,5,0,,,,,,,4,,6,0,,,,,,
T5,2,AWD,A,N1,4,76,22,3,1,1,6,0,,,,,1,,2,,6,0,,,,,,,3,,6,0,,,,,,,4,,6,0,,,,,,
T5,2,AWD,A,N1,5,72.5,14,0,1,,6,0,,,,,,,2,,5,0,,,,,,,3,,5,0,,,,,,,4,,5,0,,,,,,
T5,2,AWD,A,N1,6,72.3,18,1,1,,6,0,,,,,1,,2,,6,0,,,,,,,3,,5,0,,,,,,,4,,6,0,,,,,,
T5,2,AWD,A,N1,7,81,11,0,1,,6,0,,,,,,,2,,5,0,,,,,,,3,,6,0,,,,,,,4,,6,0,,,,,,
T5,2,AWD,A,N1,8,76,17,4,1,1,6,0,,,,,1,,2,,6,0,,,,,,,3,,5,0,,,,,,,4,,6,0,,,,,,
T5,2,AWD,A,N1,9,75.8,25,3,1,1,6,0,,,,,1,,2,,5,0,,,,,,,3,,6,0,,,,,,,4,,6,0,,,,,,
T5,2,AWD,B,N1,1,72,23,5,1,2,5,0,,,,,2,,2,2,5,0,,,,,1,,3,,6,0,,,,,,,4,,6,0,,,,,,
T5,2,AWD,B,N1,2,79.2,23,2,1,1,6,0,,,,,1,,2,,6,0,,,,,,,3,,5,0,,,,,,,4,,6,0,,,,,,
T5,2,AWD,B,N1,3,74,23,7,1,1,6,0,,,,,1,,2,1,6,0,,,,,1,,3,,5,0,,,,,,,4,,6,0,,,,,,
T5,2,AWD,B,N1,4,85,22,4,1,1,6,0,,,,,1,,2,,6,0,,,,,,,3,,5,0,,,,,,,4,,5,0,,,,,,
T5,2,AWD,B,N1,5,79,23,5,1,1,5,0,,,,,1,,2,1,6,0,,,,,1,,3,,6,0,,,,,,,4,,5,0,,,,,,
T5,2,AWD,B,N1,6,74.3,22,4,1,1,6,0,,,,,,,2,,6,0,,,,,1,,3,,5,0,,,,,,,4,,6,0,,,,,,
T5,2,AWD,B,N1,7,76.9,20,5,1,1,6,0,,,,,1,,2,2,5,0,,,,,1,,3,,6,0,,,,,,,4,,6,0,,,,,,
T5,2,AWD,B,N1,8,79,13,1,1,,5,0,,,,,,,2,,5,0,,,,,,,3,,5,0,,,,,,,4,,5,0,,,,,,
T5,2,AWD,B,N1,9,79,22,3,1,1,6,0,,,,,1,,2,,6,0,,,,,,,3,,5,0,,,,,,,4,,6,0,,,,,,
T5,3,AWD,A,N1,1,62.5,11,2,1,1,4,1,,,,,,,2,1,5,0,,,,,,,3,,5,0,,,,,,,4,,5,0,,,,,,
T5,3,AWD,A,N1,2,71,24,11,1,1,4,1,,,,,,,2,1,3,2,,,,,,,3,2,2,2,,,4,4,,,4,1,4,0,,,,,,
T5,3,AWD,A,N1,3,69,19,0,1,,5,0,,,,,,,2,,6,0,,,,,,,3,,5,0,,,,,,,4,,5,0,,,,,,
T5,3,AWD,A,N1,4,72,14,0,1,,5,0,,,,,,,2,,5,0,,,,,,,3,,5,0,,,,,,,4,,5,0,,,,,,
T5,3,AWD,A,N1,5,66,14,3,1,1,4,1,,,,,,,2,1,5,0,,,,,,,3,1,5,0,,,,,,,4,,5,0,,,,,,
T5,3,AWD,A,N1,6,65.2,12,0,1,,5,0,,,,,,,2,,5,0,,,,,,,3,,5,0,,,,,,,4,,5,0,,,,,,
T5,3,AWD,A,N1,7,76,17,0,1,,5,0,,,,,,,2,,5,0,,,,,,,3,,5,0,,,,,,,4,,6,0,,,,,,
T5,3,AWD,A,N1,8,74,14,3,1,1,5,0,,,,,,,2,1,5,0,,,,,,,3,1,5,0,,,,,,,4,,5,0,,,,,,
T5,3,AWD,A,N1,9,70,22,0,1,,6,0,,,,,,,2,,6,0,,,,,,,3,,5,0,,,,,,,4,,5,0,,,,,,
T5,3,AWD,B,N1,1,72,21,4,1,1,4,1,,,,,,,2,1,4,1,,,,,5,,3,1,4,1,,,,,,,4,1,5,0,,,,,,
T5,3,AWD,B,N1,2,70.2,17,0,1,,5,0,,,,,,,2,,5,0,,,,,,,3,,5,0,,,,,,,4,,6,0,,,,,,
T5,3,AWD,B,N1,3,75.5,19,0,1,,5,0,,,,,,,2,,5,0,,,,,,,3,,5,0,,,,,,,4,,5,0,,,,,,
T5,3,AWD,B,N1,4,65,20,0,1,,5,0,,,,,,,2,,5,0,,,,,,,3,,6,0,,,,,,,4,,5,0,,,,,,
T5,3,AWD,B,N1,5,74,21,0,1,,5,0,,,,,,,2,,5,0,,,,,,,3,,5,0,,,,,,,4,,5,0,,,,,,
T5,3,AWD,B,N1,6,68,11,0,1,,5,0,,,,,,,2,,5,0,,,,,,,3,,5,0,,,,,,,4,,5,0,,,,,,
T5,3,AWD,B,N1,7,74,15,3,1,1,4,1,,,,,,,2,1,4,1,,,,,,,3,1,4,0,,,,1,,,4,,5,0,,,,,,
T5,3,AWD,B,N1,8,73.5,20,1,1,1,4,1,,,,,,,2,,5,0,,,,,,,3,,5,0,,,,,,,4,,6,0,,,,,,
T5,3,AWD,B,N1,9,64.5,16,0,1,,5,0,,,,,,,2,,5,0,,,,,,,3,,5,0,,,,,,,4,,5,0,,,,,,
T5,4,AWD,A,N1,1,70,17,0,1,,6,0,,,,,,,2,,5,0,,,,,,,3,,5,0,,,,,,,4,,5,0,,,,,,
T5,4,AWD,A,N1,2,67,19,1,1,1,6,0,,,,,,,2,,6,0,,,,,,,3,,6,0,,,,,,,4,,5,0,,,,,,
T5,4,AWD,A,N1,3,67,17,0,1,,5,0,,,,,,,2,,5,0,,,,,,,3,,5,0,,,,,,,4,,6,0,,,,,,
T5,4,AWD,A,N1,4,60,19,7,1,1,5,0,,,,,,,2,1,4,2,,,,,,,3,1,5,0,,,,,,,4,1,5,1,,,,,,
T5,4,AWD,A,N1,5,58,9,0,1,,6,0,,,,,,,2,,6,0,,,,,,,3,,6,0,,,,,,,4,,5,0,,,,,,
T5,4,AWD,A,N1,6,70.1,18,1,1,3,4,2,,,,,,,2,,5,0,,,,,,,3,,5,0,,,,,,,4,,5,0,,,,,,
T5,4,AWD,A,N1,7,65,20,2,1,2,6,1,,,,,,,2,3,3,3,,,,,,,3,,5,0,,,,,,,4,,6,0,,,,,,
T5,4,AWD,A,N1,8,76.4,27,0,1,,6,0,,,,,,,2,,5,0,,,,,,,3,,5,0,,,,,,,4,,5,0,,,,,,
T5,4,AWD,A,N1,9,70.8,20,4,1,1,5,0,,,,,,,2,2,4,2,,,,,,,3,2,5,1,,,,,,,4,1,5,1,,,,,,
T5,4,AWD,B,N1,1,73.5,13,2,1,1,5,0,,,,,,,2,1,6,0,,,,,,,3,,5,0,,,,,,,4,,6,0,,,,,,
T5,4,AWD,B,N1,2,79,20,1,1,1,6,0,,,,,,,2,,5,0,,,,,,,3,,5,0,,,,,,,4,,6,0,,,,,,
T5,4,AWD,B,N1,3,73,21,2,1,1,5,0,,,,,,,2,2,6,0,,,,,,,3,,5,0,,,,,,,4,,6,0,,,,,,
T5,4,AWD,B,N1,4,79,18,2,1,4,4,1,,,,,,,2,3,5,1,,,,,,,3,,6,0,,,,,,,4,,5,0,,,,,,
T5,4,AWD,B,N1,5,78,19,0,1,,6,0,,,,,,,2,,6,0,,,,,,,3,,6,0,,,,,,,4,,5,0,,,,,,
T5,4,AWD,B,N1,6,74,14,0,1,,6,0,,,,,,,2,,5,0,,,,,,,3,,5,0,,,,,,,4,,5,0,,,,,,
T5,4,AWD,B,N1,7,78.3,21,2,1,1,5,1,,,,,,,2,3,5,1,,,,,,,3,,5,0,,,,,,,4,,6,0,,,,,,
T5,4,AWD,B,N1,8,82.3,14,2,1,1,5,1,,,,,,,2,2,6,0,,,,,,,3,,5,0,,,,,,,4,,6,0,,,,,,
T5,4,AWD,B,N1,9,53,9,0,1,,5,0,,,,,,,2,,5,0,,,,,,,3,,5,0,,,,,,,4,,5,0,,,,,,
T6,1,AWD,A,N2,1,78.2,34,1,1,,5,0,,,,,,,2,,5,0,,,,,,,3,,5,0,,,,,,,4,1,5,0,,,,,,
T6,1,AWD,A,N2,2,74.3,19,2,1,,6,0,,,,,,,2,,5,0,,,,,,,3,,6,0,,,,,,,4,2,5,0,,,,,,
T6,1,AWD,A,N2,3,69.2,16,1,1,,5,0,,,,,,,2,,6,0,,,,,,,3,,5,0,,,,,,,4,1,6,0,,,,,,
T6,1,AWD,A,N2,4,77.5,20,0,1,,5,0,,,,,,,2,,5,0,,,,,,,3,,5,0,,,,,,,4,,5,0,,,,,,
T6,1,AWD,A,N2,5,88,30,3,1,,5,0,,,,,,,2,,5,0,,,,,,,3,3,5,0,,,,,2,,4,2,5,0,,,,1,,
T6,1,AWD,A,N2,6,65.2,15,2,1,,5,0,,,,,,,2,,5,0,,,,,,,3,,5,0,,,,,,,4,2,5,0,,,,,2,
T6,1,AWD,A,N2,7,81.5,23,1,1,,5,0,,,,,,,2,,5,0,,,,,,,3,,5,0,,,,,,,4,2,5,0,,,,,,
T6,1,AWD,A,N2,8,70.2,15,2,1,,5,0,,,,,,,2,,5,0,,,,,,,3,,5,0,,,,,,,4,2,5,0,,,,,1,
T6,1,AWD,A,N2,9,72.5,28,2,1,,5,0,,,,,,,2,,5,0,,,,,,,3,,5,0,,,,,,,4,2,5,0,,,,,,
T6,1,AWD,B,N2,1,68.3,14,2,1,,5,0,,,,,,,2,,5,0,,,,,,,3,,5,0,,,,,,,4,2,5,0,,,,,1,
T6,1,AWD,B,N2,2,71.5,23,3,1,,5,0,,,,,,,2,,5,0,,,,,,,3,2,5,0,,,,,1,,4,3,5,0,,,,,2,
T6,1,AWD,B,N2,3,75.4,23,2,1,,5,0,,,,,,,2,,5,0,,,,,,,3,,6,0,,,,,,,4,2,6,0,,,,,,
T6,1,AWD,B,N2,4,72.3,26,2,1,,6,0,,,,,,,2,,6,0,,,,,,,3,,6,0,,,,,,,4,2,5,0,,,,,1,
T6,1,AWD,B,N2,5,74.7,15,1,1,,5,0,,,,,,,2,,5,0,,,,,,,3,,5,0,,,,,,,4,1,5,0,,,,,,
T6,1,AWD,B,N2,6,74.4,28,5,1,,5,0,,,,,,,2,2,5,0,,,,,1,,3,3,5,0,,,,2,,,4,3,5,0,,,,,2,
T6,1,AWD,B,N2,7,75.6,32,3,1,,5,0,,,,,,,2,,5,0,,,,,,,3,,5,0,,,,,,,4,2,5,0,,,,,1,
T6,1,AWD,B,N2,8,75.6,23,1,1,,5,0,,,,,,,2,,5,0,,,,,,,3,,5,0,,,,,,,4,1,5,0,,,,,,
T6,1,AWD,B,N2,9,80.5,12,2,1,,5,0,,,,,,,2,,5,0,,,,,,,3,,5,0,,,,,,,4,3,5,0,,,,,2,
T6,2,AWD,A,N2,1,75.5,20,2,1,,6,0,,,,,1,,2,,6,0,,,,,,,3,,5,0,,,,,,,4,,5,0,,,,,,
T6,2,AWD,A,N2,2,80,20,2,1,1,6,0,,,,,1,,2,,5,0,,,,,,,3,,6,0,,,,,,,4,,6,0,,,,,,
T6,2,AWD,A,N2,3,77,20,2,1,,5,0,,,,,1,,2,,5,0,,,,,,,3,,6,0,,,,,,,4,,5,0,,,,,,
T6,2,AWD,A,N2,4,84.3,28,6,1,2,6,0,,,,,2,,2,,5,0,,,,,,,3,2,6,0,,,,,1,,4,,5,0,,,,,,
T6,2,AWD,A,N2,5,84.8,20,6,1,2,6,0,,,,,1,,2,,6,0,,,,,,,3,2,6,0,,,,,1,,4,,6,0,,,,,,
T6,2,AWD,A,N2,6,79,20,3,1,,6,0,,,,,2,,2,,6,0,,,,,,,3,,6,0,,,,,,,4,,6,0,,,,,,
T6,2,AWD,A,N2,7,80,15,4,1,2,6,0,,,,,1,,2,,6,0,,,,,,,3,,6,0,,,,,,,4,,6,0,,,,,,
T6,2,AWD,A,N2,8,74,18,4,1,1,6,0,,,,,1,,2,,6,0,,,,,,,3,,5,0,,,,,,,4,,6,0,,,,,,
T6,2,AWD,A,N2,9,78,25,4,1,2,6,0,,,,,2,,2,,5,0,,,,,,,3,,6,0,,,,,,,4,,6,0,,,,,,
T6,2,AWD,B,N2,1,67.2,23,5,1,1,6,0,,,,,1,,2,,5,0,,,,,,,3,1,5,0,,,,,1,,4,,5,0,,,,,,
T6,2,AWD,B,N2,2,74,24,2,1,,6,0,,,,,1,,2,,6,0,,,,,,,3,,6,0,,,,,,,4,,6,0,,,,,,
T6,2,AWD,B,N2,3,77.8,14,0,1,,6,0,,,,,,,2,,6,0,,,,,,,3,,6,0,,,,,,,4,,6,0,,,,,,
T6,2,AWD,B,N2,4,62,12,1,1,1,6,0,,,,,,,2,,6,0,,,,,,,3,,5,0,,,,,,,4,,5,0,,,,,,
T6,2,AWD,B,N2,5,62.5,10,0,1,,6,0,,,,,,,2,,6,0,,,,,,,3,,6,0,,,,,,,4,,6,0,,,,,,
T6,2,AWD,B,N2,6,71.5,25,2,1,1,6,0,,,,,1,,2,,6,0,,,,,,,3,,6,0,,,,,,,4,,6,0,,,,,,
T6,2,AWD,B,N2,7,82,28,7,1,3,5,0,,,,,2,,2,,6,0,,,,,,,3,2,6,0,,,,,1,,4,,6,0,,,,,,
T6,2,AWD,B,N2,8,76.5,30,6,1,2,6,0,,,,,2,,2,,6,0,,,,,,,3,2,6,0,,,,,1,,4,,6,0,,,,,,
T6,2,AWD,B,N2,9,73,22,3,1,1,6,0,,,,,1,,2,,6,0,,,,,,,3,,6,0,,,,,,,4,,6,0,,,,,,
T6,3,AWD,A,N2,1,74,15,2,1,1,6,0,,,,,,,2,1,5,0,,,,,,,3,,5,0,,,,,,,4,,5,0,,,,,,
T6,3,AWD,A,N2,2,67,19,0,1,,5,0,,,,,,,2,,6,0,,,,,,,3,,5,0,,,,,,,4,,5,0,,,,,,
T6,3,AWD,A,N2,3,72,16,2,1,2,5,1,,,,,,,2,1,5,0,,,,,,,3,,5,0,,,,,,,4,,5,0,,,,,,
T6,3,AWD,A,N2,4,79,16,4,1,4,3,0,,,,,,,2,2,3,0,,,,,,,3,2,5,1,,,,,,,4,1,5,0,,,,,,
T6,3,AWD,A,N2,5,88,23,1,1,1,6,0,,,,,,,2,,5,0,,,,,,,3,,5,0,,,,,,,4,,6,0,,,,,,
T6,3,AWD,A,N2,6,74,16,0,1,,6,0,,,,,,,2,,5,0,,,,,,,3,,5,0,,,,,,,4,,5,0,,,,,,
T6,3,AWD,A,N2,7,77,8,3,1,2,5,0,,,,,,,2,3,6,0,,,,,,4,3,1,5,0,,,,,,,4,,5,0,,,,,,
T6,3,AWD,A,N2,8,73,12,0,1,,5,0,,,,,,,2,,5,0,,,,,,,3,,5,0,,,,,,,4,,5,0,,,,,,
T6,3,AWD,A,N2,9,65,11,1,1,1,6,0,,,,,,,2,,5,0,,,,,,,3,,5,0,,,,,,,4,,5,0,,,,,,
T6,3,AWD,B,N2,1,67.2,22,0,1,,5,0,,,,,,,2,,5,0,,,,,,,3,,6,0,,,,,,,4,,5,0,,,,,,
T6,3,AWD,B,N2,2,70,20,10,1,2,5,1,,,,,,,2,2,6,0,,,,,,1,3,2,5,0,,,,,,,4,2,5,0,,,,,,
T6,3,AWD,B,N2,3,69.3,22,7,1,3,4,1,,,,,2,,2,1,5,0,,,,,,,3,1,5,0,,,,,,,4,2,5,0,,,,,,
T6,3,AWD,B,N2,4,70.7,20,0,1,,6,0,,,,,,,2,,5,0,,,,,,,3,,5,0,,,,,,,4,,5,0,,,,,,
T6,3,AWD,B,N2,5,84.5,26,0,1,,5,0,,,,,,,2,,6,0,,,,,,,3,,5,0,,,,,,,4,,5,0,,,,,,
T6,3,AWD,B,N2,6,73,15,0,1,,6,0,,,,,,,2,,5,0,,,,,,,3,,5,0,,,,,,,4,,5,0,,,,,,
T6,3,AWD,B,N2,7,68,13,0,1,,5,0,,,,,,,2,,5,0,,,,,,,3,,5,0,,,,,,,4,,5,0,,,,,,
T6,3,AWD,B,N2,8,73,19,0,1,,5,0,,,,,,,2,,6,0,,,,,,,3,,5,0,,,,,,,4,,5,0,,,,,,
T6,3,AWD,B,N2,9,82.2,18,0,1,,6,0,,,,,,,2,,5,0,,,,,,,3,,6,0,,,,,,,4,,6,0,,,,,,
T6,4,AWD,A,N2,1,79,15,0,1,,5,0,,,,,,,2,,5,0,,,,,,,3,,6,0,,,,,,,4,,5,0,,,,,,
T6,4,AWD,A,N2,2,76,19,4,1,1,6,0,,,,,,,2,1,5,1,,,,,,,3,1,4,1,,,,,,,4,1,6,0,,,,,,
T6,4,AWD,A,N2,3,75,14,0,1,,5,0,,,,,,,2,,6,0,,,,,,,3,,6,0,,,,,,,4,,6,0,,,,,,
T6,4,AWD,A,N2,4,79,16,0,1,,6,0,,,,,,,2,,5,0,,,,,,,3,,5,0,,,,,,,4,,5,0,,,,,,
T6,4,AWD,A,N2,5,78,22,0,1,,5,0,,,,,,,2,,5,0,,,,,,,3,,6,0,,,,,,,4,,6,0,,,,,,
T6,4,AWD,A,N2,6,80,25,2,1,1,5,1,,,,,,,2,1,5,0,,,,,,,3,,5,0,,,,,,,4,,6,0,,,,,,
T6,4,AWD,A,N2,7,76.5,17,0,1,,5,0,,,,,,,2,,5,0,,,,,,,3,,6,0,,,,,,,4,,5,0,,,,,,
T6,4,AWD,A,N2,8,86,12,0,1,,5,0,,,,,,,2,,6,0,,,,,,,3,,6,0,,,,,,,4,,6,0,,,,,,
T6,4,AWD,A,N2,9,72,13,0,1,,7,0,,,,,,,2,,6,0,,,,,,,3,,6,0,,,,,,,4,,6,0,,,,,,
T6,4,AWD,B,N2,1,72,11,0,1,,6,0,,,,,,,2,,5,0,,,,,,,3,,5,0,,,,,,,4,,5,0,,,,,,
T6,4,AWD,B,N2,2,72,19,0,1,,5,0,,,,,,,2,,5,0,,,,,,,3,,5,0,,,,,,,4,,5,0,,,,,,
T6,4,AWD,B,N2,3,70.5,16,0,1,,6,0,,,,,,,2,,6,0,,,,,,,3,,6,0,,,,,,,4,,6,0,,,,,,
T6,4,AWD,B,N2,4,63,8,0,1,,5,0,,,,,,,2,,5,0,,,,,,,3,,5,0,,,,,,,4,,5,0,,,,,,
T6,4,AWD,B,N2,5,70,17,0,1,,5,0,,,,,,,2,,5,0,,,,,,,3,,5,0,,,,,,,4,,6,0,,,,,,
T6,4,AWD,B,N2,6,78.3,25,10,1,4,4,2,,,,,,,2,3,5,0,,,,,,,3,1,5,1,,,,,,,4,1,5,0,,,,,,
T6,4,AWD,B,N2,7,76,24,0,1,,6,0,,,,,,,2,,5,0,,,,,,,3,,5,0,,,,,,,4,,5,0,,,,,,
T6,4,AWD,B,N2,8,71,26,0,1,,5,0,,,,,,,2,,5,0,,,,,,,3,,5,0,,,,,,,4,,6,0,,,,,,
T6,4,AWD,B,N2,9,70,18,0,1,,5,0,,,,,,,2,,5,0,,,,,,,3,,5,0,,,,,,,4,,6,0,,,,,,
